api,bytes,error,full,login,name,owner,rate_remaining,rate_reset,rest_calls,status,task,time_ms
rest,5998,,psf/requests,,requests,psf,,,1,200,medium_repo,695.7211494445801
graphql,179,,octocat/Hello-World,,Hello-World,octocat,4605,1765153604,0,200,medium_repo,657.7835083007812
graphql,183,,torvalds/linux,,linux,torvalds,4604,1765153604,0,200,medium_repo,925.0319004058838
graphql,216,,numpy/numpy,,numpy,numpy,4603,1765153604,0,200,medium_repo,1894.637107849121
graphql,247,,django/django,,django,django,4602,1765153604,0,200,medium_repo,721.9436168670654
graphql,118,,,mojombo,,,4601,1765153604,0,200,simple_user,640.303373336792
rest,1201,,,defunkt,,,,,1,200,simple_user,604.1507720947266
graphql,47,,torvalds/linux,,linux,torvalds,4600,1765153604,0,200,complex_issues,697.314977645874
rest,4994,,torvalds/linux,,linux,torvalds,,,1,200,medium_repo,724.3280410766602
rest,5107,,octocat/Hello-World,,Hello-World,octocat,,,1,200,medium_repo,862.7262115478516
rest,1188,,,pjhyett,,,,,1,200,simple_user,553.0474185943604
rest,200997,,django/django,,django,django,,,1,200,complex_issues,1126.225471496582
rest,254426,,numpy/numpy,,numpy,numpy,,,1,200,complex_issues,1333.7841033935547
rest,286239,,psf/requests,,requests,psf,,,1,200,complex_issues,1272.7298736572266
graphql,5242,,octocat/Hello-World,,Hello-World,octocat,4599,1765153604,0,200,complex_issues,1033.4296226501465
rest,5870,,numpy/numpy,,numpy,numpy,,,1,200,medium_repo,691.2660598754883
rest,1223,,,torvalds,,,,,1,200,simple_user,594.3393707275391
rest,181589,,torvalds/linux,,linux,torvalds,,,1,200,complex_issues,1066.6542053222656
graphql,204,,psf/requests,,requests,psf,4598,1765153604,0,200,medium_repo,680.1085472106934
graphql,119,,,octocat,,,4597,1765153604,0,200,simple_user,1816.36643409729
rest,122033,,octocat/Hello-World,,Hello-World,octocat,,,1,200,complex_issues,1110.8617782592773
graphql,8920,,numpy/numpy,,numpy,numpy,4596,1765153604,0,200,complex_issues,788.2685661315918
graphql,115,,,defunkt,,,4595,1765153604,0,200,simple_user,633.7597370147705
graphql,47,,django/django,,django,django,4594,1765153604,0,200,complex_issues,630.3610801696777
rest,1282,,,mojombo,,,,,1,200,simple_user,781.1317443847656
graphql,107,,,pjhyett,,,4593,1765153604,0,200,simple_user,627.2838115692139
rest,6125,,django/django,,django,django,,,1,200,medium_repo,665.1482582092285
graphql,124,,,torvalds,,,4592,1765153604,0,200,simple_user,612.1995449066162
rest,1232,,,octocat,,,,,1,200,simple_user,556.7994117736816
graphql,7595,,psf/requests,,requests,psf,4591,1765153604,0,200,complex_issues,946.2869167327881
rest,5998,,psf/requests,,requests,psf,,,1,200,medium_repo,884.4497203826904
graphql,179,,octocat/Hello-World,,Hello-World,octocat,4590,1765153604,0,200,medium_repo,646.5563774108887
graphql,183,,torvalds/linux,,linux,torvalds,4589,1765153604,0,200,medium_repo,1036.58127784729
graphql,216,,numpy/numpy,,numpy,numpy,4588,1765153604,0,200,medium_repo,654.8068523406982
graphql,247,,django/django,,django,django,4587,1765153604,0,200,medium_repo,702.4116516113281
graphql,118,,,mojombo,,,4586,1765153604,0,200,simple_user,1836.822271347046
rest,1201,,,defunkt,,,,,1,200,simple_user,822.0083713531494
graphql,47,,torvalds/linux,,linux,torvalds,4585,1765153604,0,200,complex_issues,675.6155490875244
rest,4994,,torvalds/linux,,linux,torvalds,,,1,200,medium_repo,697.7205276489258
rest,5107,,octocat/Hello-World,,Hello-World,octocat,,,1,200,medium_repo,646.0449695587158
rest,1188,,,pjhyett,,,,,1,200,simple_user,588.6375904083252
rest,200997,,django/django,,django,django,,,1,200,complex_issues,1463.4978771209717
rest,254426,,numpy/numpy,,numpy,numpy,,,1,200,complex_issues,1238.795518875122
rest,286239,,psf/requests,,requests,psf,,,1,200,complex_issues,1381.8175792694092
graphql,5242,,octocat/Hello-World,,Hello-World,octocat,4584,1765153604,0,200,complex_issues,1973.9601612091064
rest,5870,,numpy/numpy,,numpy,numpy,,,1,200,medium_repo,707.6690196990967
rest,1223,,,torvalds,,,,,1,200,simple_user,572.6964473724365
rest,181589,,torvalds/linux,,linux,torvalds,,,1,200,complex_issues,1308.8123798370361
graphql,204,,psf/requests,,requests,psf,4583,1765153604,0,200,medium_repo,658.8842868804932
graphql,119,,,octocat,,,4582,1765153604,0,200,simple_user,796.1728572845459
rest,122033,,octocat/Hello-World,,Hello-World,octocat,,,1,200,complex_issues,1143.951654434204
graphql,8920,,numpy/numpy,,numpy,numpy,4581,1765153604,0,200,complex_issues,752.6712417602539
graphql,115,,,defunkt,,,4580,1765153604,0,200,simple_user,591.5637016296387
graphql,47,,django/django,,django,django,4579,1765153604,0,200,complex_issues,738.0976676940918
rest,1282,,,mojombo,,,,,1,200,simple_user,789.0682220458984
graphql,107,,,pjhyett,,,4578,1765153604,0,200,simple_user,617.5484657287598
rest,6125,,django/django,,django,django,,,1,200,medium_repo,711.2910747528076
graphql,124,,,torvalds,,,4577,1765153604,0,200,simple_user,584.141731262207
rest,1232,,,octocat,,,,,1,200,simple_user,574.0277767181396
graphql,7595,,psf/requests,,requests,psf,4576,1765153604,0,200,complex_issues,814.7885799407959
rest,5998,,psf/requests,,requests,psf,,,1,200,medium_repo,1913.8154983520508
graphql,179,,octocat/Hello-World,,Hello-World,octocat,4575,1765153604,0,200,medium_repo,652.1618366241455
graphql,183,,torvalds/linux,,linux,torvalds,4574,1765153604,0,200,medium_repo,715.1672840118408
graphql,216,,numpy/numpy,,numpy,numpy,4573,1765153604,0,200,medium_repo,648.8773822784424
graphql,247,,django/django,,django,django,4572,1765153604,0,200,medium_repo,653.4700393676758
graphql,118,,,mojombo,,,4571,1765153604,0,200,simple_user,823.7454891204834
rest,1201,,,defunkt,,,,,1,200,simple_user,590.2063846588135
graphql,47,,torvalds/linux,,linux,torvalds,4570,1765153604,0,200,complex_issues,759.7837448120117
rest,4994,,torvalds/linux,,linux,torvalds,,,1,200,medium_repo,646.1782455444336
rest,5107,,octocat/Hello-World,,Hello-World,octocat,,,1,200,medium_repo,901.0927677154541
rest,1188,,,pjhyett,,,,,1,200,simple_user,797.20139503479
rest,200997,,django/django,,django,django,,,1,200,complex_issues,1123.4869956970215
rest,254426,,numpy/numpy,,numpy,numpy,,,1,200,complex_issues,1400.4909992218018
rest,286239,,psf/requests,,requests,psf,,,1,200,complex_issues,1317.2588348388672
graphql,5242,,octocat/Hello-World,,Hello-World,octocat,4569,1765153604,0,200,complex_issues,2000.0584125518799
rest,5870,,numpy/numpy,,numpy,numpy,,,1,200,medium_repo,658.7405204772949
rest,1223,,,torvalds,,,,,1,200,simple_user,594.1007137298584
rest,181589,,torvalds/linux,,linux,torvalds,,,1,200,complex_issues,1341.343879699707
graphql,204,,psf/requests,,requests,psf,4568,1765153604,0,200,medium_repo,944.5273876190186
graphql,119,,,octocat,,,4567,1765153604,0,200,simple_user,590.6939506530762
rest,122033,,octocat/Hello-World,,Hello-World,octocat,,,1,200,complex_issues,1141.0548686981201
graphql,8920,,numpy/numpy,,numpy,numpy,4566,1765153604,0,200,complex_issues,894.0656185150146
graphql,115,,,defunkt,,,4565,1765153604,0,200,simple_user,664.478063583374
graphql,47,,django/django,,django,django,4564,1765153604,0,200,complex_issues,954.948902130127
rest,1282,,,mojombo,,,,,1,200,simple_user,602.4129390716553
graphql,107,,,pjhyett,,,4563,1765153604,0,200,simple_user,637.9976272583008
rest,6125,,django/django,,django,django,,,1,200,medium_repo,719.7024822235107
graphql,124,,,torvalds,,,4562,1765153604,0,200,simple_user,865.4289245605469
rest,1232,,,octocat,,,,,1,200,simple_user,1843.0495262145996
graphql,7595,,psf/requests,,requests,psf,4561,1765153604,0,200,complex_issues,825.598955154419
rest,5998,,psf/requests,,requests,psf,,,1,200,medium_repo,677.5610446929932
graphql,179,,octocat/Hello-World,,Hello-World,octocat,4560,1765153604,0,200,medium_repo,703.7158012390137
graphql,183,,torvalds/linux,,linux,torvalds,4559,1765153604,0,200,medium_repo,693.7077045440674
graphql,216,,numpy/numpy,,numpy,numpy,4558,1765153604,0,200,medium_repo,659.5170497894287
graphql,247,,django/django,,django,django,4557,1765153604,0,200,medium_repo,883.3408355712891
graphql,118,,,mojombo,,,4556,1765153604,0,200,simple_user,629.6660900115967
rest,1201,,,defunkt,,,,,1,200,simple_user,556.5745830535889
graphql,47,,torvalds/linux,,linux,torvalds,4555,1765153604,0,200,complex_issues,708.7392807006836
rest,4994,,torvalds/linux,,linux,torvalds,,,1,200,medium_repo,668.3487892150879
rest,5107,,octocat/Hello-World,,Hello-World,octocat,,,1,200,medium_repo,675.4369735717773
rest,1188,,,pjhyett,,,,,1,200,simple_user,1808.1424236297607
rest,200997,,django/django,,django,django,,,1,200,complex_issues,1222.017526626587
rest,254426,,numpy/numpy,,numpy,numpy,,,1,200,complex_issues,1349.8637676239014
rest,286239,,psf/requests,,requests,psf,,,1,200,complex_issues,1342.102289199829
graphql,5242,,octocat/Hello-World,,Hello-World,octocat,4554,1765153604,0,200,complex_issues,980.6704521179199
rest,5870,,numpy/numpy,,numpy,numpy,,,1,200,medium_repo,680.6440353393555
rest,1223,,,torvalds,,,,,1,200,simple_user,577.383279800415
rest,181589,,torvalds/linux,,linux,torvalds,,,1,200,complex_issues,1467.3042297363281
graphql,204,,psf/requests,,requests,psf,4553,1765153604,0,200,medium_repo,714.7500514984131
graphql,119,,,octocat,,,4552,1765153604,0,200,simple_user,884.4046592712402
rest,122033,,octocat/Hello-World,,Hello-World,octocat,,,1,200,complex_issues,1168.2496070861816
graphql,8920,,numpy/numpy,,numpy,numpy,4551,1765153604,0,200,complex_issues,818.4902667999268
graphql,115,,,defunkt,,,4550,1765153604,0,200,simple_user,608.6890697479248
graphql,47,,django/django,,django,django,4549,1765153604,0,200,complex_issues,681.1883449554443
rest,1282,,,mojombo,,,,,1,200,simple_user,1795.1877117156982
graphql,107,,,pjhyett,,,4548,1765153604,0,200,simple_user,650.6955623626709
rest,6125,,django/django,,django,django,,,1,200,medium_repo,717.0450687408447
graphql,124,,,torvalds,,,4547,1765153604,0,200,simple_user,628.1425952911377
rest,1232,,,octocat,,,,,1,200,simple_user,584.2008590698242
graphql,7595,,psf/requests,,requests,psf,4546,1765153604,0,200,complex_issues,1143.8841819763184
rest,5998,,psf/requests,,requests,psf,,,1,200,medium_repo,723.8171100616455
graphql,179,,octocat/Hello-World,,Hello-World,octocat,4545,1765153604,0,200,medium_repo,690.6642913818359
graphql,183,,torvalds/linux,,linux,torvalds,4544,1765153604,0,200,medium_repo,719.193696975708
graphql,216,,numpy/numpy,,numpy,numpy,4543,1765153604,0,200,medium_repo,712.5675678253174
graphql,247,,django/django,,django,django,4542,1765153604,0,200,medium_repo,873.7196922302246
graphql,118,,,mojombo,,,4541,1765153604,0,200,simple_user,631.8719387054443
rest,1201,,,defunkt,,,,,1,200,simple_user,595.6878662109375
graphql,47,,torvalds/linux,,linux,torvalds,4540,1765153604,0,200,complex_issues,627.1600723266602
rest,4994,,torvalds/linux,,linux,torvalds,,,1,200,medium_repo,665.5616760253906
rest,5107,,octocat/Hello-World,,Hello-World,octocat,,,1,200,medium_repo,647.0582485198975
rest,1188,,,pjhyett,,,,,1,200,simple_user,1805.8688640594482
rest,200997,,django/django,,django,django,,,1,200,complex_issues,1242.9635524749756
rest,254426,,numpy/numpy,,numpy,numpy,,,1,200,complex_issues,1064.7459030151367
rest,286239,,psf/requests,,requests,psf,,,1,200,complex_issues,1187.4980926513672
graphql,5242,,octocat/Hello-World,,Hello-World,octocat,4539,1765153604,0,200,complex_issues,1231.5518856048584
rest,5870,,numpy/numpy,,numpy,numpy,,,1,200,medium_repo,680.7029247283936
rest,1223,,,torvalds,,,,,1,200,simple_user,557.1300983428955
rest,181589,,torvalds/linux,,linux,torvalds,,,1,200,complex_issues,1279.5443534851074
graphql,204,,psf/requests,,requests,psf,4538,1765153604,0,200,medium_repo,707.2155475616455
graphql,119,,,octocat,,,4537,1765153604,0,200,simple_user,1826.1940479278564
rest,122033,,octocat/Hello-World,,Hello-World,octocat,,,1,200,complex_issues,1476.5701293945312
graphql,8920,,numpy/numpy,,numpy,numpy,4536,1765153604,0,200,complex_issues,800.3349304199219
graphql,115,,,defunkt,,,4535,1765153604,0,200,simple_user,594.1863059997559
graphql,47,,django/django,,django,django,4534,1765153604,0,200,complex_issues,732.7721118927002
rest,1282,,,mojombo,,,,,1,200,simple_user,761.1212730407715
graphql,107,,,pjhyett,,,4533,1765153604,0,200,simple_user,640.3224468231201
rest,6125,,django/django,,django,django,,,1,200,medium_repo,693.7131881713867
graphql,124,,,torvalds,,,4532,1765153604,0,200,simple_user,655.7211875915527
rest,1232,,,octocat,,,,,1,200,simple_user,592.8542613983154
graphql,7595,,psf/requests,,requests,psf,4531,1765153604,0,200,complex_issues,744.5950508117676
rest,5998,,psf/requests,,requests,psf,,,1,200,medium_repo,849.8287200927734
graphql,179,,octocat/Hello-World,,Hello-World,octocat,4530,1765153604,0,200,medium_repo,687.5810623168945
graphql,183,,torvalds/linux,,linux,torvalds,4529,1765153604,0,200,medium_repo,706.7432403564453
graphql,216,,numpy/numpy,,numpy,numpy,4528,1765153604,0,200,medium_repo,651.684045791626
graphql,247,,django/django,,django,django,4527,1765153604,0,200,medium_repo,718.7392711639404
graphql,118,,,mojombo,,,4526,1765153604,0,200,simple_user,1868.980884552002
rest,1201,,,defunkt,,,,,1,200,simple_user,588.9999866485596
graphql,47,,torvalds/linux,,linux,torvalds,4525,1765153604,0,200,complex_issues,672.792911529541
rest,4994,,torvalds/linux,,linux,torvalds,,,1,200,medium_repo,645.2298164367676
rest,5107,,octocat/Hello-World,,Hello-World,octocat,,,1,200,medium_repo,740.0667667388916
rest,1188,,,pjhyett,,,,,1,200,simple_user,584.2154026031494
rest,200997,,django/django,,django,django,,,1,200,complex_issues,1588.1519317626953
rest,254426,,numpy/numpy,,numpy,numpy,,,1,200,complex_issues,1384.2599391937256
rest,286239,,psf/requests,,requests,psf,,,1,200,complex_issues,1343.7955379486084
graphql,5242,,octocat/Hello-World,,Hello-World,octocat,4524,1765153604,0,200,complex_issues,962.709903717041
rest,5870,,numpy/numpy,,numpy,numpy,,,1,200,medium_repo,803.032398223877
rest,1223,,,torvalds,,,,,1,200,simple_user,618.8631057739258
rest,181589,,torvalds/linux,,linux,torvalds,,,1,200,complex_issues,1265.7060623168945
graphql,204,,psf/requests,,requests,psf,4523,1765153604,0,200,medium_repo,718.7004089355469
graphql,119,,,octocat,,,4522,1765153604,0,200,simple_user,1853.3661365509033
rest,122033,,octocat/Hello-World,,Hello-World,octocat,,,1,200,complex_issues,1205.1808834075928
graphql,8920,,numpy/numpy,,numpy,numpy,4521,1765153604,0,200,complex_issues,777.48703956604
graphql,115,,,defunkt,,,4520,1765153604,0,200,simple_user,589.1118049621582
graphql,47,,django/django,,django,django,4519,1765153604,0,200,complex_issues,655.606746673584
rest,1282,,,mojombo,,,,,1,200,simple_user,768.3191299438477
graphql,107,,,pjhyett,,,4518,1765153604,0,200,simple_user,615.4825687408447
rest,6125,,django/django,,django,django,,,1,200,medium_repo,731.787919998169
graphql,124,,,torvalds,,,4517,1765153604,0,200,simple_user,668.5276031494141
rest,1232,,,octocat,,,,,1,200,simple_user,575.0985145568848
graphql,7595,,psf/requests,,requests,psf,4516,1765153604,0,200,complex_issues,957.7460289001465
rest,5998,,psf/requests,,requests,psf,,,1,200,medium_repo,702.3420333862305
graphql,179,,octocat/Hello-World,,Hello-World,octocat,4515,1765153604,0,200,medium_repo,722.693920135498
graphql,183,,torvalds/linux,,linux,torvalds,4514,1765153604,0,200,medium_repo,639.7068500518799
graphql,216,,numpy/numpy,,numpy,numpy,4513,1765153604,0,200,medium_repo,653.688907623291
graphql,247,,django/django,,django,django,4512,1765153604,0,200,medium_repo,892.5294876098633
graphql,118,,,mojombo,,,4511,1765153604,0,200,simple_user,1820.4565048217773
rest,1201,,,defunkt,,,,,1,200,simple_user,565.526008605957
graphql,47,,torvalds/linux,,linux,torvalds,4510,1765153604,0,200,complex_issues,859.412431716919
rest,4994,,torvalds/linux,,linux,torvalds,,,1,200,medium_repo,678.0672073364258
rest,5107,,octocat/Hello-World,,Hello-World,octocat,,,1,200,medium_repo,641.5712833404541
rest,1188,,,pjhyett,,,,,1,200,simple_user,788.9528274536133
rest,200997,,django/django,,django,django,,,1,200,complex_issues,988.8412952423096
rest,254426,,numpy/numpy,,numpy,numpy,,,1,200,complex_issues,1319.157600402832
rest,286239,,psf/requests,,requests,psf,,,1,200,complex_issues,1320.216417312622
graphql,5242,,octocat/Hello-World,,Hello-World,octocat,4509,1765153604,0,200,complex_issues,991.7283058166504
rest,5870,,numpy/numpy,,numpy,numpy,,,1,200,medium_repo,675.6892204284668
rest,1223,,,torvalds,,,,,1,200,simple_user,578.7220001220703
rest,181589,,torvalds/linux,,linux,torvalds,,,1,200,complex_issues,1492.1166896820068
graphql,204,,psf/requests,,requests,psf,4508,1765153604,0,200,medium_repo,1878.0431747436523
graphql,119,,,octocat,,,4507,1765153604,0,200,simple_user,651.8270969390869
rest,122033,,octocat/Hello-World,,Hello-World,octocat,,,1,200,complex_issues,1039.323329925537
graphql,8920,,numpy/numpy,,numpy,numpy,4506,1765153604,0,200,complex_issues,856.4913272857666
graphql,115,,,defunkt,,,4505,1765153604,0,200,simple_user,616.0507202148438
graphql,47,,django/django,,django,django,4504,1765153604,0,200,complex_issues,890.7902240753174
rest,1282,,,mojombo,,,,,1,200,simple_user,601.4456748962402
graphql,107,,,pjhyett,,,4503,1765153604,0,200,simple_user,617.8703308105469
rest,6125,,django/django,,django,django,,,1,200,medium_repo,752.8736591339111
graphql,124,,,torvalds,,,4502,1765153604,0,200,simple_user,617.5854206085205
rest,1232,,,octocat,,,,,1,200,simple_user,589.6298885345459
graphql,7595,,psf/requests,,requests,psf,4501,1765153604,0,200,complex_issues,2022.5422382354736
rest,5998,,psf/requests,,requests,psf,,,1,200,medium_repo,739.7170066833496
graphql,179,,octocat/Hello-World,,Hello-World,octocat,4500,1765153604,0,200,medium_repo,653.2044410705566
graphql,183,,torvalds/linux,,linux,torvalds,4499,1765153604,0,200,medium_repo,684.2489242553711
graphql,216,,numpy/numpy,,numpy,numpy,4498,1765153604,0,200,medium_repo,668.3409214019775
graphql,247,,django/django,,django,django,4497,1765153604,0,200,medium_repo,695.2993869781494
graphql,118,,,mojombo,,,4496,1765153604,0,200,simple_user,817.7988529205322
rest,1201,,,defunkt,,,,,1,200,simple_user,567.9116249084473
graphql,47,,torvalds/linux,,linux,torvalds,4495,1765153604,0,200,complex_issues,715.6603336334229
rest,4994,,torvalds/linux,,linux,torvalds,,,1,200,medium_repo,651.0405540466309
rest,5107,,octocat/Hello-World,,Hello-World,octocat,,,1,200,medium_repo,658.1752300262451
rest,1188,,,pjhyett,,,,,1,200,simple_user,599.0228652954102
rest,200997,,django/django,,django,django,,,1,200,complex_issues,1674.3335723876953
rest,254426,,numpy/numpy,,numpy,numpy,,,1,200,complex_issues,1329.658031463623
rest,286239,,psf/requests,,requests,psf,,,1,200,complex_issues,1072.507381439209
graphql,5242,,octocat/Hello-World,,Hello-World,octocat,4494,1765153604,0,200,complex_issues,767.1427726745605
rest,5870,,numpy/numpy,,numpy,numpy,,,1,200,medium_repo,1872.3258972167969
rest,1223,,,torvalds,,,,,1,200,simple_user,578.0501365661621
rest,181589,,torvalds/linux,,linux,torvalds,,,1,200,complex_issues,1101.7241477966309
graphql,204,,psf/requests,,requests,psf,4493,1765153604,0,200,medium_repo,678.3568859100342
graphql,119,,,octocat,,,4492,1765153604,0,200,simple_user,631.0949325561523
rest,122033,,octocat/Hello-World,,Hello-World,octocat,,,1,200,complex_issues,1279.3784141540527
graphql,8920,,numpy/numpy,,numpy,numpy,4491,1765153604,0,200,complex_issues,847.5308418273926
graphql,115,,,defunkt,,,4490,1765153604,0,200,simple_user,659.3902111053467
graphql,47,,django/django,,django,django,4489,1765153604,0,200,complex_issues,656.1338901519775
rest,1282,,,mojombo,,,,,1,200,simple_user,581.6805362701416
graphql,107,,,pjhyett,,,4488,1765153604,0,200,simple_user,817.5332546234131
rest,6125,,django/django,,django,django,,,1,200,medium_repo,710.0811004638672
graphql,124,,,torvalds,,,4487,1765153604,0,200,simple_user,642.0528888702393
rest,1232,,,octocat,,,,,1,200,simple_user,581.0129642486572
graphql,7595,,psf/requests,,requests,psf,4486,1765153604,0,200,complex_issues,751.6303062438965
rest,5998,,psf/requests,,requests,psf,,,1,200,medium_repo,666.7313575744629
graphql,179,,octocat/Hello-World,,Hello-World,octocat,4485,1765153604,0,200,medium_repo,1880.4023265838623
graphql,183,,torvalds/linux,,linux,torvalds,4484,1765153604,0,200,medium_repo,873.523473739624
graphql,216,,numpy/numpy,,numpy,numpy,4483,1765153604,0,200,medium_repo,681.6418170928955
graphql,247,,django/django,,django,django,4482,1765153604,0,200,medium_repo,749.8314380645752
graphql,118,,,mojombo,,,4481,1765153604,0,200,simple_user,635.2739334106445
rest,1201,,,defunkt,,,,,1,200,simple_user,595.5634117126465
graphql,47,,torvalds/linux,,linux,torvalds,4480,1765153604,0,200,complex_issues,919.2578792572021
rest,4994,,torvalds/linux,,linux,torvalds,,,1,200,medium_repo,944.8251724243164
rest,5107,,octocat/Hello-World,,Hello-World,octocat,,,1,200,medium_repo,629.1959285736084
rest,1188,,,pjhyett,,,,,1,200,simple_user,607.6099872589111
rest,200997,,django/django,,django,django,,,1,200,complex_issues,1150.5992412567139
rest,254426,,numpy/numpy,,numpy,numpy,,,1,200,complex_issues,3031.92400932312
rest,286239,,psf/requests,,requests,psf,,,1,200,complex_issues,1310.302734375
graphql,5242,,octocat/Hello-World,,Hello-World,octocat,4479,1765153604,0,200,complex_issues,816.4851665496826
rest,5870,,numpy/numpy,,numpy,numpy,,,1,200,medium_repo,925.6620407104492
rest,1223,,,torvalds,,,,,1,200,simple_user,572.1070766448975
rest,181589,,torvalds/linux,,linux,torvalds,,,1,200,complex_issues,1525.1855850219727
graphql,204,,psf/requests,,requests,psf,4478,1765153604,0,200,medium_repo,665.5175685882568
graphql,119,,,octocat,,,4477,1765153604,0,200,simple_user,893.7985897064209
rest,122033,,octocat/Hello-World,,Hello-World,octocat,,,1,200,complex_issues,1317.0676231384277
graphql,8920,,numpy/numpy,,numpy,numpy,4476,1765153604,0,200,complex_issues,920.0596809387207
graphql,115,,,defunkt,,,4475,1765153604,0,200,simple_user,682.2826862335205
graphql,47,,django/django,,django,django,4474,1765153604,0,200,complex_issues,713.2368087768555
rest,1282,,,mojombo,,,,,1,200,simple_user,1785.560131072998
graphql,107,,,pjhyett,,,4473,1765153604,0,200,simple_user,643.7392234802246
rest,6125,,django/django,,django,django,,,1,200,medium_repo,673.8064289093018
graphql,124,,,torvalds,,,4472,1765153604,0,200,simple_user,663.4650230407715
rest,1232,,,octocat,,,,,1,200,simple_user,590.585470199585
graphql,7595,,psf/requests,,requests,psf,4471,1765153604,0,200,complex_issues,762.6941204071045
rest,5998,,psf/requests,,requests,psf,,,1,200,medium_repo,863.227128982544
graphql,179,,octocat/Hello-World,,Hello-World,octocat,4470,1765153604,0,200,medium_repo,946.4831352233887
graphql,183,,torvalds/linux,,linux,torvalds,4469,1765153604,0,200,medium_repo,687.1845722198486
graphql,216,,numpy/numpy,,numpy,numpy,4468,1765153604,0,200,medium_repo,653.3718109130859
graphql,247,,django/django,,django,django,4467,1765153604,0,200,medium_repo,877.9330253601074
graphql,118,,,mojombo,,,4466,1765153604,0,200,simple_user,618.5517311096191
rest,1201,,,defunkt,,,,,1,200,simple_user,798.6254692077637
graphql,47,,torvalds/linux,,linux,torvalds,4465,1765153604,0,200,complex_issues,687.7574920654297
rest,4994,,torvalds/linux,,linux,torvalds,,,1,200,medium_repo,680.7022094726562
rest,5107,,octocat/Hello-World,,Hello-World,octocat,,,1,200,medium_repo,632.432222366333
rest,1188,,,pjhyett,,,,,1,200,simple_user,605.684757232666
rest,200997,,django/django,,django,django,,,1,200,complex_issues,2539.477825164795
rest,254426,,numpy/numpy,,numpy,numpy,,,1,200,complex_issues,1390.9497261047363
rest,286239,,psf/requests,,requests,psf,,,1,200,complex_issues,1358.7646484375
graphql,5242,,octocat/Hello-World,,Hello-World,octocat,4464,1765153604,0,200,complex_issues,873.8970756530762
rest,5870,,numpy/numpy,,numpy,numpy,,,1,200,medium_repo,1105.0329208374023
rest,1223,,,torvalds,,,,,1,200,simple_user,592.3984050750732
rest,181589,,torvalds/linux,,linux,torvalds,,,1,200,complex_issues,1223.1206893920898
graphql,204,,psf/requests,,requests,psf,4463,1765153604,0,200,medium_repo,900.754451751709
graphql,119,,,octocat,,,4462,1765153604,0,200,simple_user,629.9419403076172
rest,122033,,octocat/Hello-World,,Hello-World,octocat,,,1,200,complex_issues,2441.105365753174
graphql,8920,,numpy/numpy,,numpy,numpy,4461,1765153604,0,200,complex_issues,785.5327129364014
graphql,115,,,defunkt,,,4460,1765153604,0,200,simple_user,622.2140789031982
graphql,47,,django/django,,django,django,4459,1765153604,0,200,complex_issues,706.6152095794678
rest,1282,,,mojombo,,,,,1,200,simple_user,615.8974170684814
graphql,107,,,pjhyett,,,4458,1765153604,0,200,simple_user,805.8762550354004
rest,6125,,django/django,,django,django,,,1,200,medium_repo,732.2885990142822
graphql,124,,,torvalds,,,4457,1765153604,0,200,simple_user,620.8376884460449
rest,1232,,,octocat,,,,,1,200,simple_user,579.0374279022217
graphql,7595,,psf/requests,,requests,psf,4456,1765153604,0,200,complex_issues,802.1693229675293
rest,5998,,psf/requests,,requests,psf,,,1,200,medium_repo,890.9516334533691
graphql,179,,octocat/Hello-World,,Hello-World,octocat,4455,1765153604,0,200,medium_repo,776.0729789733887
graphql,183,,torvalds/linux,,linux,torvalds,4454,1765153604,0,200,medium_repo,674.4801998138428
graphql,216,,numpy/numpy,,numpy,numpy,4453,1765153604,0,200,medium_repo,695.5525875091553
graphql,247,,django/django,,django,django,4452,1765153604,0,200,medium_repo,657.658576965332
graphql,118,,,mojombo,,,4451,1765153604,0,200,simple_user,1828.5915851593018
rest,1201,,,defunkt,,,,,1,200,simple_user,610.8913421630859
graphql,47,,torvalds/linux,,linux,torvalds,4450,1765153604,0,200,complex_issues,615.7102584838867
rest,4994,,torvalds/linux,,linux,torvalds,,,1,200,medium_repo,641.1280632019043
rest,5107,,octocat/Hello-World,,Hello-World,octocat,,,1,200,medium_repo,676.1658191680908
rest,1188,,,pjhyett,,,,,1,200,simple_user,574.8443603515625
rest,200997,,django/django,,django,django,,,1,200,complex_issues,1496.8204498291016
rest,254426,,numpy/numpy,,numpy,numpy,,,1,200,complex_issues,1334.3069553375244
rest,286239,,psf/requests,,requests,psf,,,1,200,complex_issues,1351.3963222503662
graphql,5242,,octocat/Hello-World,,Hello-World,octocat,4449,1765153604,0,200,complex_issues,958.9526653289795
rest,5870,,numpy/numpy,,numpy,numpy,,,1,200,medium_repo,783.0760478973389
rest,1223,,,torvalds,,,,,1,200,simple_user,599.1334915161133
rest,181589,,torvalds/linux,,linux,torvalds,,,1,200,complex_issues,1339.4620418548584
graphql,204,,psf/requests,,requests,psf,4448,1765153604,0,200,medium_repo,949.1584300994873
graphql,119,,,octocat,,,4447,1765153604,0,200,simple_user,1823.3020305633545
rest,122033,,octocat/Hello-World,,Hello-World,octocat,,,1,200,complex_issues,1187.4394416809082
graphql,8920,,numpy/numpy,,numpy,numpy,4446,1765153604,0,200,complex_issues,810.4093074798584
graphql,115,,,defunkt,,,4445,1765153604,0,200,simple_user,589.104175567627
graphql,47,,django/django,,django,django,4444,1765153604,0,200,complex_issues,713.0401134490967
rest,1282,,,mojombo,,,,,1,200,simple_user,797.9252338409424
graphql,107,,,pjhyett,,,4443,1765153604,0,200,simple_user,626.7173290252686
rest,6125,,django/django,,django,django,,,1,200,medium_repo,690.1993751525879
graphql,124,,,torvalds,,,4442,1765153604,0,200,simple_user,685.1022243499756
rest,1232,,,octocat,,,,,1,200,simple_user,810.107946395874
graphql,7595,,psf/requests,,requests,psf,4441,1765153604,0,200,complex_issues,991.3856983184814
rest,5998,,psf/requests,,requests,psf,,,1,200,medium_repo,911.4227294921875
graphql,179,,octocat/Hello-World,,Hello-World,octocat,4440,1765153604,0,200,medium_repo,681.6534996032715
graphql,183,,torvalds/linux,,linux,torvalds,4439,1765153604,0,200,medium_repo,889.0163898468018
graphql,216,,numpy/numpy,,numpy,numpy,4438,1765153604,0,200,medium_repo,897.5837230682373
graphql,247,,django/django,,django,django,4437,1765153604,0,200,medium_repo,804.1777610778809
graphql,118,,,mojombo,,,4436,1765153604,0,200,simple_user,1812.7493858337402
rest,1201,,,defunkt,,,,,1,200,simple_user,579.6411037445068
graphql,47,,torvalds/linux,,linux,torvalds,4435,1765153604,0,200,complex_issues,671.9338893890381
rest,4994,,torvalds/linux,,linux,torvalds,,,1,200,medium_repo,730.4601669311523
rest,5107,,octocat/Hello-World,,Hello-World,octocat,,,1,200,medium_repo,716.2480354309082
rest,1188,,,pjhyett,,,,,1,200,simple_user,610.1667881011963
rest,200997,,django/django,,django,django,,,1,200,complex_issues,1376.9595623016357
rest,254426,,numpy/numpy,,numpy,numpy,,,1,200,complex_issues,1124.453067779541
rest,286239,,psf/requests,,requests,psf,,,1,200,complex_issues,1359.9257469177246
graphql,5242,,octocat/Hello-World,,Hello-World,octocat,4434,1765153604,0,200,complex_issues,878.5920143127441
rest,5870,,numpy/numpy,,numpy,numpy,,,1,200,medium_repo,1923.6772060394287
rest,1223,,,torvalds,,,,,1,200,simple_user,571.6018676757812
rest,181589,,torvalds/linux,,linux,torvalds,,,1,200,complex_issues,1621.9582557678223
graphql,204,,psf/requests,,requests,psf,4433,1765153604,0,200,medium_repo,707.3192596435547
graphql,119,,,octocat,,,4432,1765153604,0,200,simple_user,813.532829284668
rest,122033,,octocat/Hello-World,,Hello-World,octocat,,,1,200,complex_issues,1273.2348442077637
graphql,8920,,numpy/numpy,,numpy,numpy,4431,1765153604,0,200,complex_issues,842.393159866333
graphql,115,,,defunkt,,,4430,1765153604,0,200,simple_user,610.1999282836914
graphql,47,,django/django,,django,django,4429,1765153604,0,200,complex_issues,653.998851776123
rest,1282,,,mojombo,,,,,1,200,simple_user,790.6146049499512
graphql,107,,,pjhyett,,,4428,1765153604,0,200,simple_user,624.4716644287109
rest,6125,,django/django,,django,django,,,1,200,medium_repo,728.3573150634766
graphql,124,,,torvalds,,,4427,1765153604,0,200,simple_user,623.8541603088379
rest,1232,,,octocat,,,,,1,200,simple_user,593.4858322143555
graphql,7595,,psf/requests,,requests,psf,4426,1765153604,0,200,complex_issues,1942.3823356628418
rest,5998,,psf/requests,,requests,psf,,,1,200,medium_repo,719.8584079742432
graphql,179,,octocat/Hello-World,,Hello-World,octocat,4425,1765153604,0,200,medium_repo,679.0366172790527
graphql,183,,torvalds/linux,,linux,torvalds,4424,1765153604,0,200,medium_repo,659.529447555542
graphql,216,,numpy/numpy,,numpy,numpy,4423,1765153604,0,200,medium_repo,744.377613067627
graphql,247,,django/django,,django,django,4422,1765153604,0,200,medium_repo,885.7879638671875
graphql,118,,,mojombo,,,4421,1765153604,0,200,simple_user,700.3023624420166
rest,1201,,,defunkt,,,,,1,200,simple_user,594.6300029754639
graphql,47,,torvalds/linux,,linux,torvalds,4420,1765153604,0,200,complex_issues,668.6382293701172
rest,4994,,torvalds/linux,,linux,torvalds,,,1,200,medium_repo,681.8571090698242
rest,5107,,octocat/Hello-World,,Hello-World,octocat,,,1,200,medium_repo,635.9097957611084
rest,1188,,,pjhyett,,,,,1,200,simple_user,1008.4834098815918
rest,200997,,django/django,,django,django,,,1,200,complex_issues,1222.8832244873047
rest,254426,,numpy/numpy,,numpy,numpy,,,1,200,complex_issues,1496.8998432159424
rest,286239,,psf/requests,,requests,psf,,,1,200,complex_issues,1374.709129333496
graphql,5242,,octocat/Hello-World,,Hello-World,octocat,4419,1765153604,0,200,complex_issues,1978.4924983978271
rest,5870,,numpy/numpy,,numpy,numpy,,,1,200,medium_repo,716.102123260498
rest,1223,,,torvalds,,,,,1,200,simple_user,573.1470584869385
rest,181589,,torvalds/linux,,linux,torvalds,,,1,200,complex_issues,1252.9656887054443
graphql,204,,psf/requests,,requests,psf,4418,1765153604,0,200,medium_repo,621.0675239562988
graphql,119,,,octocat,,,4417,1765153604,0,200,simple_user,846.2862968444824
rest,122033,,octocat/Hello-World,,Hello-World,octocat,,,1,200,complex_issues,1157.5255393981934
graphql,8920,,numpy/numpy,,numpy,numpy,4416,1765153604,0,200,complex_issues,779.8948287963867
graphql,115,,,defunkt,,,4415,1765153604,0,200,simple_user,616.1010265350342
graphql,47,,django/django,,django,django,4414,1765153604,0,200,complex_issues,667.1879291534424
rest,1282,,,mojombo,,,,,1,200,simple_user,1025.1567363739014
graphql,107,,,pjhyett,,,4413,1765153604,0,200,simple_user,657.233715057373
rest,6125,,django/django,,django,django,,,1,200,medium_repo,725.7413864135742
graphql,124,,,torvalds,,,4412,1765153604,0,200,simple_user,656.2492847442627
rest,1232,,,octocat,,,,,1,200,simple_user,624.6929168701172
graphql,7595,,psf/requests,,requests,psf,4411,1765153604,0,200,complex_issues,2051.835536956787
rest,5998,,psf/requests,,requests,psf,,,1,200,medium_repo,811.6166591644287
graphql,179,,octocat/Hello-World,,Hello-World,octocat,4410,1765153604,0,200,medium_repo,673.2189655303955
graphql,183,,torvalds/linux,,linux,torvalds,4409,1765153604,0,200,medium_repo,760.0231170654297
graphql,216,,numpy/numpy,,numpy,numpy,4408,1765153604,0,200,medium_repo,732.9902648925781
graphql,247,,django/django,,django,django,4407,1765153604,0,200,medium_repo,884.6962451934814
graphql,118,,,mojombo,,,4406,1765153604,0,200,simple_user,621.2220191955566
rest,1201,,,defunkt,,,,,1,200,simple_user,582.1812152862549
graphql,47,,torvalds/linux,,linux,torvalds,4405,1765153604,0,200,complex_issues,661.6389751434326
rest,4994,,torvalds/linux,,linux,torvalds,,,1,200,medium_repo,921.9138622283936
rest,5107,,octocat/Hello-World,,Hello-World,octocat,,,1,200,medium_repo,2038.7306213378906
rest,1188,,,pjhyett,,,,,1,200,simple_user,615.7360076904297
rest,200997,,django/django,,django,django,,,1,200,complex_issues,1305.1185607910156
rest,254426,,numpy/numpy,,numpy,numpy,,,1,200,complex_issues,1165.7679080963135
rest,286239,,psf/requests,,requests,psf,,,1,200,complex_issues,1580.702543258667
graphql,5242,,octocat/Hello-World,,Hello-World,octocat,4404,1765153604,0,200,complex_issues,823.3082294464111
rest,5870,,numpy/numpy,,numpy,numpy,,,1,200,medium_repo,663.2716655731201
rest,1223,,,torvalds,,,,,1,200,simple_user,627.2656917572021
rest,181589,,torvalds/linux,,linux,torvalds,,,1,200,complex_issues,1232.7814102172852
graphql,204,,psf/requests,,requests,psf,4403,1765153604,0,200,medium_repo,913.1147861480713
graphql,119,,,octocat,,,4402,1765153604,0,200,simple_user,663.8741493225098
rest,122033,,octocat/Hello-World,,Hello-World,octocat,,,1,200,complex_issues,1019.9744701385498
graphql,8920,,numpy/numpy,,numpy,numpy,4401,1765153604,0,200,complex_issues,1756.7098140716553
graphql,115,,,defunkt,,,4400,1765153604,0,200,simple_user,1802.5712966918945
graphql,47,,django/django,,django,django,4399,1765153604,0,200,complex_issues,709.3391418457031
rest,1282,,,mojombo,,,,,1,200,simple_user,572.8902816772461
graphql,107,,,pjhyett,,,4398,1765153604,0,200,simple_user,656.6565036773682
rest,6125,,django/django,,django,django,,,1,200,medium_repo,721.8630313873291
graphql,124,,,torvalds,,,4397,1765153604,0,200,simple_user,1044.4114208221436
rest,1232,,,octocat,,,,,1,200,simple_user,609.8546981811523
graphql,7595,,psf/requests,,requests,psf,4396,1765153604,0,200,complex_issues,1022.4688053131104
rest,5998,,psf/requests,,requests,psf,,,1,200,medium_repo,748.3241558074951
graphql,179,,octocat/Hello-World,,Hello-World,octocat,4395,1765153604,0,200,medium_repo,699.7802257537842
graphql,183,,torvalds/linux,,linux,torvalds,4394,1765153604,0,200,medium_repo,890.9742832183838
graphql,216,,numpy/numpy,,numpy,numpy,4393,1765153604,0,200,medium_repo,687.7529621124268
graphql,247,,django/django,,django,django,4392,1765153604,0,200,medium_repo,737.018346786499
graphql,118,,,mojombo,,,4391,1765153604,0,200,simple_user,629.3199062347412
rest,1201,,,defunkt,,,,,1,200,simple_user,633.2666873931885
graphql,47,,torvalds/linux,,linux,torvalds,4390,1765153604,0,200,complex_issues,768.3415412902832
rest,4994,,torvalds/linux,,linux,torvalds,,,1,200,medium_repo,1946.9809532165527
rest,5107,,octocat/Hello-World,,Hello-World,octocat,,,1,200,medium_repo,785.9723567962646
rest,1188,,,pjhyett,,,,,1,200,simple_user,624.5169639587402
rest,200997,,django/django,,django,django,,,1,200,complex_issues,1880.5017471313477
rest,254426,,numpy/numpy,,numpy,numpy,,,1,200,complex_issues,1769.1128253936768
rest,286239,,psf/requests,,requests,psf,,,1,200,complex_issues,1066.7316913604736
graphql,5242,,octocat/Hello-World,,Hello-World,octocat,4389,1765153604,0,200,complex_issues,727.0679473876953
rest,5870,,numpy/numpy,,numpy,numpy,,,1,200,medium_repo,683.9444637298584
rest,1223,,,torvalds,,,,,1,200,simple_user,1830.8429718017578
rest,181589,,torvalds/linux,,linux,torvalds,,,1,200,complex_issues,1148.2930183410645
graphql,204,,psf/requests,,requests,psf,4388,1765153604,0,200,medium_repo,683.5546493530273
graphql,119,,,octocat,,,4387,1765153604,0,200,simple_user,638.0867958068848
rest,122033,,octocat/Hello-World,,Hello-World,octocat,,,1,200,complex_issues,1014.1849517822266
graphql,8920,,numpy/numpy,,numpy,numpy,4386,1765153604,0,200,complex_issues,1036.1592769622803
graphql,115,,,defunkt,,,4385,1765153604,0,200,simple_user,651.6726016998291
graphql,47,,django/django,,django,django,4384,1765153604,0,200,complex_issues,641.6406631469727
rest,1282,,,mojombo,,,,,1,200,simple_user,607.2089672088623
graphql,107,,,pjhyett,,,4383,1765153604,0,200,simple_user,666.2788391113281
rest,6125,,django/django,,django,django,,,1,200,medium_repo,869.9748516082764
graphql,124,,,torvalds,,,4382,1765153604,0,200,simple_user,630.4378509521484
rest,1232,,,octocat,,,,,1,200,simple_user,573.0025768280029
graphql,7595,,psf/requests,,requests,psf,4381,1765153604,0,200,complex_issues,839.4761085510254
rest,5998,,psf/requests,,requests,psf,,,1,200,medium_repo,694.8244571685791
graphql,179,,octocat/Hello-World,,Hello-World,octocat,4380,1765153604,0,200,medium_repo,716.2175178527832
graphql,183,,torvalds/linux,,linux,torvalds,4379,1765153604,0,200,medium_repo,1893.172264099121
graphql,216,,numpy/numpy,,numpy,numpy,4378,1765153604,0,200,medium_repo,1161.4367961883545
graphql,247,,django/django,,django,django,4377,1765153604,0,200,medium_repo,645.1897621154785
graphql,118,,,mojombo,,,4376,1765153604,0,200,simple_user,853.7330627441406
rest,1201,,,defunkt,,,,,1,200,simple_user,568.1898593902588
graphql,47,,torvalds/linux,,linux,torvalds,4375,1765153604,0,200,complex_issues,838.6709690093994
rest,4994,,torvalds/linux,,linux,torvalds,,,1,200,medium_repo,650.1691341400146
rest,5107,,octocat/Hello-World,,Hello-World,octocat,,,1,200,medium_repo,704.5609951019287
rest,1188,,,pjhyett,,,,,1,200,simple_user,592.2398567199707
rest,200997,,django/django,,django,django,,,1,200,complex_issues,1474.5116233825684
rest,254426,,numpy/numpy,,numpy,numpy,,,1,200,complex_issues,1630.2778720855713
rest,286239,,psf/requests,,requests,psf,,,1,200,complex_issues,1302.832841873169
graphql,5242,,octocat/Hello-World,,Hello-World,octocat,4374,1765153604,0,200,complex_issues,883.7034702301025
rest,5870,,numpy/numpy,,numpy,numpy,,,1,200,medium_repo,745.8236217498779
rest,1223,,,torvalds,,,,,1,200,simple_user,1801.8558025360107
rest,181589,,torvalds/linux,,linux,torvalds,,,1,200,complex_issues,1271.3592052459717
graphql,204,,psf/requests,,requests,psf,4373,1765153604,0,200,medium_repo,695.3041553497314
graphql,119,,,octocat,,,4372,1765153604,0,200,simple_user,701.6603946685791
rest,122033,,octocat/Hello-World,,Hello-World,octocat,,,1,200,complex_issues,912.212610244751
graphql,8920,,numpy/numpy,,numpy,numpy,4371,1765153604,0,200,complex_issues,951.6298770904541
graphql,115,,,defunkt,,,4370,1765153604,0,200,simple_user,649.6562957763672
graphql,47,,django/django,,django,django,4369,1765153604,0,200,complex_issues,682.5532913208008
rest,1282,,,mojombo,,,,,1,200,simple_user,606.1539649963379
graphql,107,,,pjhyett,,,4368,1765153604,0,200,simple_user,594.5613384246826
rest,6125,,django/django,,django,django,,,1,200,medium_repo,757.1845054626465
graphql,124,,,torvalds,,,4367,1765153604,0,200,simple_user,775.9406566619873
rest,1232,,,octocat,,,,,1,200,simple_user,704.3256759643555
graphql,7595,,psf/requests,,requests,psf,4366,1765153604,0,200,complex_issues,801.4445304870605
rest,5998,,psf/requests,,requests,psf,,,1,200,medium_repo,837.7785682678223
graphql,179,,octocat/Hello-World,,Hello-World,octocat,4365,1765153604,0,200,medium_repo,697.6351737976074
graphql,183,,torvalds/linux,,linux,torvalds,4364,1765153604,0,200,medium_repo,1881.5653324127197
graphql,216,,numpy/numpy,,numpy,numpy,4363,1765153604,0,200,medium_repo,646.9690799713135
graphql,247,,django/django,,django,django,4362,1765153604,0,200,medium_repo,706.8490982055664
graphql,118,,,mojombo,,,4361,1765153604,0,200,simple_user,603.6372184753418
rest,1201,,,defunkt,,,,,1,200,simple_user,615.0033473968506
graphql,47,,torvalds/linux,,linux,torvalds,4360,1765153604,0,200,complex_issues,852.5686264038086
rest,4994,,torvalds/linux,,linux,torvalds,,,1,200,medium_repo,727.8521060943604
rest,5107,,octocat/Hello-World,,Hello-World,octocat,,,1,200,medium_repo,657.1760177612305
rest,1188,,,pjhyett,,,,,1,200,simple_user,572.3202228546143
rest,200997,,django/django,,django,django,,,1,200,complex_issues,1392.7099704742432
rest,254426,,numpy/numpy,,numpy,numpy,,,1,200,complex_issues,2634.4897747039795
rest,286239,,psf/requests,,requests,psf,,,1,200,complex_issues,1346.3530540466309
graphql,5242,,octocat/Hello-World,,Hello-World,octocat,4359,1765153604,0,200,complex_issues,800.8480072021484
rest,5870,,numpy/numpy,,numpy,numpy,,,1,200,medium_repo,726.7625331878662
rest,1223,,,torvalds,,,,,1,200,simple_user,733.2804203033447
rest,181589,,torvalds/linux,,linux,torvalds,,,1,200,complex_issues,1448.8046169281006
graphql,204,,psf/requests,,requests,psf,4358,1765153604,0,200,medium_repo,795.2024936676025
graphql,119,,,octocat,,,4357,1765153604,0,200,simple_user,617.1913146972656
rest,122033,,octocat/Hello-World,,Hello-World,octocat,,,1,200,complex_issues,1273.547649383545
graphql,8920,,numpy/numpy,,numpy,numpy,4356,1765153604,0,200,complex_issues,809.2470169067383
graphql,115,,,defunkt,,,4355,1765153604,0,200,simple_user,607.9721450805664
graphql,47,,django/django,,django,django,4354,1765153604,0,200,complex_issues,657.7630043029785
rest,1282,,,mojombo,,,,,1,200,simple_user,619.225263595581
graphql,107,,,pjhyett,,,4353,1765153604,0,200,simple_user,1816.941738128662
rest,6125,,django/django,,django,django,,,1,200,medium_repo,722.1832275390625
graphql,124,,,torvalds,,,4352,1765153604,0,200,simple_user,604.6454906463623
rest,1232,,,octocat,,,,,1,200,simple_user,588.5467529296875
graphql,7595,,psf/requests,,requests,psf,4351,1765153604,0,200,complex_issues,785.5925559997559
rest,5998,,psf/requests,,requests,psf,,,1,200,medium_repo,735.9645366668701
graphql,179,,octocat/Hello-World,,Hello-World,octocat,4350,1765153604,0,200,medium_repo,882.8811645507812
graphql,183,,torvalds/linux,,linux,torvalds,4349,1765153604,0,200,medium_repo,675.7400035858154
graphql,216,,numpy/numpy,,numpy,numpy,4348,1765153604,0,200,medium_repo,801.4786243438721
graphql,247,,django/django,,django,django,4347,1765153604,0,200,medium_repo,719.6865081787109
graphql,118,,,mojombo,,,4346,1765153604,0,200,simple_user,603.2321453094482
rest,1201,,,defunkt,,,,,1,200,simple_user,782.9060554504395
graphql,47,,torvalds/linux,,linux,torvalds,4345,1765153604,0,200,complex_issues,650.1617431640625
rest,4994,,torvalds/linux,,linux,torvalds,,,1,200,medium_repo,671.1034774780273
rest,5107,,octocat/Hello-World,,Hello-World,octocat,,,1,200,medium_repo,638.5958194732666
rest,1188,,,pjhyett,,,,,1,200,simple_user,586.6293907165527
rest,200997,,django/django,,django,django,,,1,200,complex_issues,1396.008014678955
rest,254426,,numpy/numpy,,numpy,numpy,,,1,200,complex_issues,2587.463855743408
rest,286239,,psf/requests,,requests,psf,,,1,200,complex_issues,1495.3491687774658
graphql,5242,,octocat/Hello-World,,Hello-World,octocat,4344,1765153604,0,200,complex_issues,762.2232437133789
rest,5870,,numpy/numpy,,numpy,numpy,,,1,200,medium_repo,697.7365016937256
rest,1223,,,torvalds,,,,,1,200,simple_user,785.7770919799805
rest,181589,,torvalds/linux,,linux,torvalds,,,1,200,complex_issues,1099.9877452850342
graphql,204,,psf/requests,,requests,psf,4343,1765153604,0,200,medium_repo,683.7038993835449
graphql,119,,,octocat,,,4342,1765153604,0,200,simple_user,613.7089729309082
rest,122033,,octocat/Hello-World,,Hello-World,octocat,,,1,200,complex_issues,1150.1119136810303
graphql,8920,,numpy/numpy,,numpy,numpy,4341,1765153604,0,200,complex_issues,2185.0781440734863
graphql,115,,,defunkt,,,4340,1765153604,0,200,simple_user,626.2049674987793
graphql,47,,django/django,,django,django,4339,1765153604,0,200,complex_issues,659.8317623138428
rest,1282,,,mojombo,,,,,1,200,simple_user,631.9057941436768
graphql,107,,,pjhyett,,,4338,1765153604,0,200,simple_user,629.1415691375732
rest,6125,,django/django,,django,django,,,1,200,medium_repo,696.183443069458
graphql,124,,,torvalds,,,4337,1765153604,0,200,simple_user,791.3413047790527
rest,1232,,,octocat,,,,,1,200,simple_user,570.716381072998
graphql,7595,,psf/requests,,requests,psf,4336,1765153604,0,200,complex_issues,835.5414867401123
rest,5998,,psf/requests,,requests,psf,,,1,200,medium_repo,648.679256439209
graphql,179,,octocat/Hello-World,,Hello-World,octocat,4335,1765153604,0,200,medium_repo,692.6968097686768
graphql,183,,torvalds/linux,,linux,torvalds,4334,1765153604,0,200,medium_repo,745.1884746551514
graphql,216,,numpy/numpy,,numpy,numpy,4333,1765153604,0,200,medium_repo,828.2365798950195
graphql,247,,django/django,,django,django,4332,1765153604,0,200,medium_repo,698.9696025848389
graphql,118,,,mojombo,,,4331,1765153604,0,200,simple_user,719.8207378387451
rest,1201,,,defunkt,,,,,1,200,simple_user,870.5909252166748
graphql,47,,torvalds/linux,,linux,torvalds,4330,1765153604,0,200,complex_issues,739.8054599761963
rest,4994,,torvalds/linux,,linux,torvalds,,,1,200,medium_repo,1855.6172847747803
rest,5107,,octocat/Hello-World,,Hello-World,octocat,,,1,200,medium_repo,633.7165832519531
rest,1188,,,pjhyett,,,,,1,200,simple_user,589.8001194000244
rest,200997,,django/django,,django,django,,,1,200,complex_issues,985.353946685791
rest,254426,,numpy/numpy,,numpy,numpy,,,1,200,complex_issues,1389.7204399108887
rest,286239,,psf/requests,,requests,psf,,,1,200,complex_issues,1194.606065750122
graphql,5242,,octocat/Hello-World,,Hello-World,octocat,4329,1765153604,0,200,complex_issues,736.0875606536865
rest,5870,,numpy/numpy,,numpy,numpy,,,1,200,medium_repo,701.7216682434082
rest,1223,,,torvalds,,,,,1,200,simple_user,587.6188278198242
rest,181589,,torvalds/linux,,linux,torvalds,,,1,200,complex_issues,1273.5822200775146
graphql,204,,psf/requests,,requests,psf,4328,1765153604,0,200,medium_repo,857.318639755249
graphql,119,,,octocat,,,4327,1765153604,0,200,simple_user,630.789041519165
rest,122033,,octocat/Hello-World,,Hello-World,octocat,,,1,200,complex_issues,1134.1869831085205
graphql,8920,,numpy/numpy,,numpy,numpy,4326,1765153604,0,200,complex_issues,878.0531883239746
graphql,115,,,defunkt,,,4325,1765153604,0,200,simple_user,654.9882888793945
graphql,47,,django/django,,django,django,4324,1765153604,0,200,complex_issues,1865.7972812652588
rest,1282,,,mojombo,,,,,1,200,simple_user,607.2304248809814
graphql,107,,,pjhyett,,,4323,1765153604,0,200,simple_user,628.4451484680176
rest,6125,,django/django,,django,django,,,1,200,medium_repo,720.2720642089844
graphql,124,,,torvalds,,,4322,1765153604,0,200,simple_user,671.6330051422119
rest,1232,,,octocat,,,,,1,200,simple_user,599.5590686798096
graphql,7595,,psf/requests,,requests,psf,4321,1765153604,0,200,complex_issues,1066.6890144348145
rest,5998,,psf/requests,,requests,psf,,,1,200,medium_repo,693.7551498413086
graphql,179,,octocat/Hello-World,,Hello-World,octocat,4320,1765153604,0,200,medium_repo,725.6455421447754
graphql,183,,torvalds/linux,,linux,torvalds,4319,1765153604,0,200,medium_repo,687.6137256622314
graphql,216,,numpy/numpy,,numpy,numpy,4318,1765153604,0,200,medium_repo,725.6028652191162
graphql,247,,django/django,,django,django,4317,1765153604,0,200,medium_repo,1926.454782485962
graphql,118,,,mojombo,,,4316,1765153604,0,200,simple_user,599.9681949615479
rest,1201,,,defunkt,,,,,1,200,simple_user,811.2878799438477
graphql,47,,torvalds/linux,,linux,torvalds,4315,1765153604,0,200,complex_issues,719.2676067352295
rest,4994,,torvalds/linux,,linux,torvalds,,,1,200,medium_repo,707.1390151977539
rest,5107,,octocat/Hello-World,,Hello-World,octocat,,,1,200,medium_repo,872.586727142334
rest,1188,,,pjhyett,,,,,1,200,simple_user,635.2138519287109
rest,200997,,django/django,,django,django,,,1,200,complex_issues,1172.8947162628174
rest,254426,,numpy/numpy,,numpy,numpy,,,1,200,complex_issues,1336.3282680511475
rest,286239,,psf/requests,,requests,psf,,,1,200,complex_issues,1297.5592613220215
graphql,5242,,octocat/Hello-World,,Hello-World,octocat,4314,1765153604,0,200,complex_issues,746.0291385650635
rest,5870,,numpy/numpy,,numpy,numpy,,,1,200,medium_repo,696.514368057251
rest,1223,,,torvalds,,,,,1,200,simple_user,591.2742614746094
rest,181589,,torvalds/linux,,linux,torvalds,,,1,200,complex_issues,1054.4841289520264
graphql,204,,psf/requests,,requests,psf,4313,1765153604,0,200,medium_repo,1879.2929649353027
graphql,119,,,octocat,,,4312,1765153604,0,200,simple_user,645.60866355896
rest,122033,,octocat/Hello-World,,Hello-World,octocat,,,1,200,complex_issues,1292.1462059020996
graphql,8920,,numpy/numpy,,numpy,numpy,4311,1765153604,0,200,complex_issues,891.3867473602295
graphql,115,,,defunkt,,,4310,1765153604,0,200,simple_user,691.1375522613525
graphql,47,,django/django,,django,django,4309,1765153604,0,200,complex_issues,891.0503387451172
rest,1282,,,mojombo,,,,,1,200,simple_user,570.0695514678955
graphql,107,,,pjhyett,,,4308,1765153604,0,200,simple_user,715.7325744628906
rest,6125,,django/django,,django,django,,,1,200,medium_repo,754.0991306304932
graphql,124,,,torvalds,,,4307,1765153604,0,200,simple_user,634.4766616821289
rest,1232,,,octocat,,,,,1,200,simple_user,781.5322875976562
graphql,7595,,psf/requests,,requests,psf,4306,1765153604,0,200,complex_issues,779.9859046936035
rest,5998,,psf/requests,,requests,psf,,,1,200,medium_repo,685.3666305541992
graphql,179,,octocat/Hello-World,,Hello-World,octocat,4305,1765153604,0,200,medium_repo,636.6362571716309
graphql,183,,torvalds/linux,,linux,torvalds,4304,1765153604,0,200,medium_repo,720.6401824951172
graphql,216,,numpy/numpy,,numpy,numpy,4303,1765153604,0,200,medium_repo,684.5910549163818
graphql,247,,django/django,,django,django,4302,1765153604,0,200,medium_repo,1878.4992694854736
graphql,118,,,mojombo,,,4301,1765153604,0,200,simple_user,649.7173309326172
rest,1201,,,defunkt,,,,,1,200,simple_user,570.1227188110352
graphql,47,,torvalds/linux,,linux,torvalds,4300,1765153604,0,200,complex_issues,696.0873603820801
rest,4994,,torvalds/linux,,linux,torvalds,,,1,200,medium_repo,682.1117401123047
rest,5107,,octocat/Hello-World,,Hello-World,octocat,,,1,200,medium_repo,851.7632484436035
rest,1188,,,pjhyett,,,,,1,200,simple_user,598.217248916626
rest,200997,,django/django,,django,django,,,1,200,complex_issues,1060.8773231506348
rest,254426,,numpy/numpy,,numpy,numpy,,,1,200,complex_issues,1286.5486145019531
rest,286239,,psf/requests,,requests,psf,,,1,200,complex_issues,1559.7777366638184
graphql,5242,,octocat/Hello-World,,Hello-World,octocat,4299,1765153604,0,200,complex_issues,1015.336275100708
rest,5870,,numpy/numpy,,numpy,numpy,,,1,200,medium_repo,1003.995418548584
rest,1223,,,torvalds,,,,,1,200,simple_user,600.5034446716309
rest,181589,,torvalds/linux,,linux,torvalds,,,1,200,complex_issues,2606.8294048309326
graphql,204,,psf/requests,,requests,psf,4298,1765153604,0,200,medium_repo,716.5560722351074
graphql,119,,,octocat,,,4297,1765153604,0,200,simple_user,643.6054706573486
rest,122033,,octocat/Hello-World,,Hello-World,octocat,,,1,200,complex_issues,1440.0787353515625
graphql,8920,,numpy/numpy,,numpy,numpy,4296,1765153604,0,200,complex_issues,975.3413200378418
graphql,115,,,defunkt,,,4295,1765153604,0,200,simple_user,625.9856224060059
graphql,47,,django/django,,django,django,4294,1765153604,0,200,complex_issues,1006.1190128326416
rest,1282,,,mojombo,,,,,1,200,simple_user,689.8958683013916
graphql,107,,,pjhyett,,,4293,1765153604,0,200,simple_user,628.838300704956
rest,6125,,django/django,,django,django,,,1,200,medium_repo,873.5628128051758
graphql,124,,,torvalds,,,4292,1765153604,0,200,simple_user,650.7484912872314
rest,1232,,,octocat,,,,,1,200,simple_user,757.0178508758545
graphql,7595,,psf/requests,,requests,psf,4291,1765153604,0,200,complex_issues,822.9255676269531
rest,5998,,psf/requests,,requests,psf,,,1,200,medium_repo,706.4511775970459
graphql,179,,octocat/Hello-World,,Hello-World,octocat,4290,1765153604,0,200,medium_repo,656.2798023223877
graphql,183,,torvalds/linux,,linux,torvalds,4289,1765153604,0,200,medium_repo,1916.2497520446777
graphql,216,,numpy/numpy,,numpy,numpy,4288,1765153604,0,200,medium_repo,731.6792011260986
graphql,247,,django/django,,django,django,4287,1765153604,0,200,medium_repo,648.705005645752
graphql,118,,,mojombo,,,4286,1765153604,0,200,simple_user,624.3000030517578
rest,1201,,,defunkt,,,,,1,200,simple_user,568.1309700012207
graphql,47,,torvalds/linux,,linux,torvalds,4285,1765153604,0,200,complex_issues,887.5696659088135
rest,4994,,torvalds/linux,,linux,torvalds,,,1,200,medium_repo,652.9068946838379
rest,5107,,octocat/Hello-World,,Hello-World,octocat,,,1,200,medium_repo,695.6028938293457
rest,1188,,,pjhyett,,,,,1,200,simple_user,603.1017303466797
rest,200997,,django/django,,django,django,,,1,200,complex_issues,1335.4029655456543
rest,254426,,numpy/numpy,,numpy,numpy,,,1,200,complex_issues,1484.9627017974854
rest,286239,,psf/requests,,requests,psf,,,1,200,complex_issues,1376.1372566223145
graphql,5242,,octocat/Hello-World,,Hello-World,octocat,4284,1765153604,0,200,complex_issues,871.8204498291016
rest,5870,,numpy/numpy,,numpy,numpy,,,1,200,medium_repo,685.4419708251953
rest,1223,,,torvalds,,,,,1,200,simple_user,1771.6381549835205
rest,181589,,torvalds/linux,,linux,torvalds,,,1,200,complex_issues,1175.2803325653076
graphql,204,,psf/requests,,requests,psf,4283,1765153604,0,200,medium_repo,741.3663864135742
graphql,119,,,octocat,,,4282,1765153604,0,200,simple_user,762.7415657043457
rest,122033,,octocat/Hello-World,,Hello-World,octocat,,,1,200,complex_issues,918.3330535888672
graphql,8920,,numpy/numpy,,numpy,numpy,4281,1765153604,0,200,complex_issues,959.7997665405273
graphql,115,,,defunkt,,,4280,1765153604,0,200,simple_user,627.7568340301514
graphql,47,,django/django,,django,django,4279,1765153604,0,200,complex_issues,668.2713031768799
rest,1282,,,mojombo,,,,,1,200,simple_user,580.9857845306396
graphql,107,,,pjhyett,,,4278,1765153604,0,200,simple_user,609.6229553222656
rest,6125,,django/django,,django,django,,,1,200,medium_repo,674.5615005493164
graphql,124,,,torvalds,,,4277,1765153604,0,200,simple_user,1777.1728038787842
rest,1232,,,octocat,,,,,1,200,simple_user,594.872236251831
graphql,7595,,psf/requests,,requests,psf,4276,1765153604,0,200,complex_issues,743.2732582092285
rest,5998,,psf/requests,,requests,psf,,,1,200,medium_repo,650.7251262664795
graphql,179,,octocat/Hello-World,,Hello-World,octocat,4275,1765153604,0,200,medium_repo,662.3950004577637
graphql,183,,torvalds/linux,,linux,torvalds,4274,1765153604,0,200,medium_repo,653.5775661468506
graphql,216,,numpy/numpy,,numpy,numpy,4273,1765153604,0,200,medium_repo,853.2946109771729
graphql,247,,django/django,,django,django,4272,1765153604,0,200,medium_repo,708.146333694458
graphql,118,,,mojombo,,,4271,1765153604,0,200,simple_user,652.5437831878662
rest,1201,,,defunkt,,,,,1,200,simple_user,577.7583122253418
graphql,47,,torvalds/linux,,linux,torvalds,4270,1765153604,0,200,complex_issues,693.1860446929932
rest,4994,,torvalds/linux,,linux,torvalds,,,1,200,medium_repo,701.7600536346436
rest,5107,,octocat/Hello-World,,Hello-World,octocat,,,1,200,medium_repo,802.7570247650146
rest,1188,,,pjhyett,,,,,1,200,simple_user,569.6427822113037
rest,200997,,django/django,,django,django,,,1,200,complex_issues,1145.9994316101074
rest,254426,,numpy/numpy,,numpy,numpy,,,1,200,complex_issues,1398.0927467346191
rest,286239,,psf/requests,,requests,psf,,,1,200,complex_issues,2615.8339977264404
graphql,5242,,octocat/Hello-World,,Hello-World,octocat,4269,1765153604,0,200,complex_issues,907.109260559082
rest,5870,,numpy/numpy,,numpy,numpy,,,1,200,medium_repo,715.5992984771729
rest,1223,,,torvalds,,,,,1,200,simple_user,571.3992118835449
rest,181589,,torvalds/linux,,linux,torvalds,,,1,200,complex_issues,1270.5254554748535
graphql,204,,psf/requests,,requests,psf,4268,1765153604,0,200,medium_repo,710.7017040252686
graphql,119,,,octocat,,,4267,1765153604,0,200,simple_user,775.719404220581
rest,122033,,octocat/Hello-World,,Hello-World,octocat,,,1,200,complex_issues,1238.0011081695557
graphql,8920,,numpy/numpy,,numpy,numpy,4266,1765153604,0,200,complex_issues,884.7684860229492
graphql,115,,,defunkt,,,4265,1765153604,0,200,simple_user,765.3884887695312
graphql,47,,django/django,,django,django,4264,1765153604,0,200,complex_issues,688.2514953613281
rest,1282,,,mojombo,,,,,1,200,simple_user,589.1227722167969
graphql,107,,,pjhyett,,,4263,1765153604,0,200,simple_user,624.4246959686279
rest,6125,,django/django,,django,django,,,1,200,medium_repo,723.1707572937012
graphql,124,,,torvalds,,,4262,1765153604,0,200,simple_user,632.8208446502686
rest,1232,,,octocat,,,,,1,200,simple_user,1751.4872550964355
graphql,7595,,psf/requests,,requests,psf,4261,1765153604,0,200,complex_issues,791.717529296875
rest,5998,,psf/requests,,requests,psf,,,1,200,medium_repo,747.03049659729
graphql,179,,octocat/Hello-World,,Hello-World,octocat,4260,1765153604,0,200,medium_repo,660.1474285125732
graphql,183,,torvalds/linux,,linux,torvalds,4259,1765153604,0,200,medium_repo,660.4714393615723
graphql,216,,numpy/numpy,,numpy,numpy,4258,1765153604,0,200,medium_repo,844.6836471557617
graphql,247,,django/django,,django,django,4257,1765153604,0,200,medium_repo,835.8561992645264
graphql,118,,,mojombo,,,4256,1765153604,0,200,simple_user,670.3593730926514
rest,1201,,,defunkt,,,,,1,200,simple_user,580.5847644805908
graphql,47,,torvalds/linux,,linux,torvalds,4255,1765153604,0,200,complex_issues,630.192756652832
rest,4994,,torvalds/linux,,linux,torvalds,,,1,200,medium_repo,688.4980201721191
rest,5107,,octocat/Hello-World,,Hello-World,octocat,,,1,200,medium_repo,855.5393218994141
rest,1188,,,pjhyett,,,,,1,200,simple_user,594.8390960693359
rest,200997,,django/django,,django,django,,,1,200,complex_issues,1220.8573818206787
rest,254426,,numpy/numpy,,numpy,numpy,,,1,200,complex_issues,1353.9752960205078
rest,286239,,psf/requests,,requests,psf,,,1,200,complex_issues,1189.2316341400146
graphql,5242,,octocat/Hello-World,,Hello-World,octocat,4254,1765153604,0,200,complex_issues,1904.4561386108398
rest,5870,,numpy/numpy,,numpy,numpy,,,1,200,medium_repo,680.140495300293
rest,1223,,,torvalds,,,,,1,200,simple_user,741.3103580474854
rest,181589,,torvalds/linux,,linux,torvalds,,,1,200,complex_issues,1431.8840503692627
graphql,204,,psf/requests,,requests,psf,4253,1765153604,0,200,medium_repo,804.4040203094482
graphql,119,,,octocat,,,4252,1765153604,0,200,simple_user,794.8343753814697
rest,122033,,octocat/Hello-World,,Hello-World,octocat,,,1,200,complex_issues,1336.270809173584
graphql,8920,,numpy/numpy,,numpy,numpy,4251,1765153604,0,200,complex_issues,915.0116443634033
graphql,115,,,defunkt,,,4250,1765153604,0,200,simple_user,602.3101806640625
graphql,47,,django/django,,django,django,4249,1765153604,0,200,complex_issues,675.5733489990234
rest,1282,,,mojombo,,,,,1,200,simple_user,1789.5123958587646
graphql,107,,,pjhyett,,,4248,1765153604,0,200,simple_user,750.9186267852783
rest,6125,,django/django,,django,django,,,1,200,medium_repo,745.0811862945557
graphql,124,,,torvalds,,,4247,1765153604,0,200,simple_user,617.4829006195068
rest,1232,,,octocat,,,,,1,200,simple_user,577.5985717773438
graphql,7595,,psf/requests,,requests,psf,4246,1765153604,0,200,complex_issues,763.2324695587158
rest,5998,,psf/requests,,requests,psf,,,1,200,medium_repo,939.6176338195801
graphql,179,,octocat/Hello-World,,Hello-World,octocat,4245,1765153604,0,200,medium_repo,679.9960136413574
graphql,183,,torvalds/linux,,linux,torvalds,4244,1765153604,0,200,medium_repo,685.5113506317139
graphql,216,,numpy/numpy,,numpy,numpy,4243,1765153604,0,200,medium_repo,650.6257057189941
graphql,247,,django/django,,django,django,4242,1765153604,0,200,medium_repo,674.0202903747559
graphql,118,,,mojombo,,,4241,1765153604,0,200,simple_user,708.7035179138184
rest,1201,,,defunkt,,,,,1,200,simple_user,777.3652076721191
graphql,47,,torvalds/linux,,linux,torvalds,4240,1765153604,0,200,complex_issues,731.3237190246582
rest,4994,,torvalds/linux,,linux,torvalds,,,1,200,medium_repo,706.2628269195557
rest,5107,,octocat/Hello-World,,Hello-World,octocat,,,1,200,medium_repo,668.6522960662842
rest,1188,,,pjhyett,,,,,1,200,simple_user,794.2731380462646
rest,200997,,django/django,,django,django,,,1,200,complex_issues,1441.1096572875977
rest,254426,,numpy/numpy,,numpy,numpy,,,1,200,complex_issues,2538.200855255127
rest,286239,,psf/requests,,requests,psf,,,1,200,complex_issues,1431.1144351959229
graphql,5242,,octocat/Hello-World,,Hello-World,octocat,4239,1765153604,0,200,complex_issues,813.9157295227051
rest,5870,,numpy/numpy,,numpy,numpy,,,1,200,medium_repo,721.2927341461182
rest,1223,,,torvalds,,,,,1,200,simple_user,771.8417644500732
rest,181589,,torvalds/linux,,linux,torvalds,,,1,200,complex_issues,1487.3998165130615
graphql,204,,psf/requests,,requests,psf,4238,1765153604,0,200,medium_repo,660.8211994171143
graphql,119,,,octocat,,,4237,1765153604,0,200,simple_user,643.4361934661865
rest,122033,,octocat/Hello-World,,Hello-World,octocat,,,1,200,complex_issues,1335.500717163086
graphql,8920,,numpy/numpy,,numpy,numpy,4236,1765153604,0,200,complex_issues,842.1680927276611
graphql,115,,,defunkt,,,4235,1765153604,0,200,simple_user,642.0614719390869
graphql,47,,django/django,,django,django,4234,1765153604,0,200,complex_issues,819.3154335021973
rest,1282,,,mojombo,,,,,1,200,simple_user,625.1027584075928
graphql,107,,,pjhyett,,,4233,1765153604,0,200,simple_user,1807.168960571289
rest,6125,,django/django,,django,django,,,1,200,medium_repo,664.374589920044
graphql,124,,,torvalds,,,4232,1765153604,0,200,simple_user,642.0540809631348
rest,1232,,,octocat,,,,,1,200,simple_user,583.8525295257568
graphql,7595,,psf/requests,,requests,psf,4231,1765153604,0,200,complex_issues,772.4366188049316
rest,5998,,psf/requests,,requests,psf,,,1,200,medium_repo,694.9760913848877
graphql,179,,octocat/Hello-World,,Hello-World,octocat,4230,1765153604,0,200,medium_repo,858.4978580474854
graphql,183,,torvalds/linux,,linux,torvalds,4229,1765153604,0,200,medium_repo,676.1517524719238
graphql,216,,numpy/numpy,,numpy,numpy,4228,1765153604,0,200,medium_repo,688.4112358093262
graphql,247,,django/django,,django,django,4227,1765153604,0,200,medium_repo,690.3674602508545
graphql,118,,,mojombo,,,4226,1765153604,0,200,simple_user,625.4129409790039
rest,1201,,,defunkt,,,,,1,200,simple_user,1809.8585605621338
graphql,47,,torvalds/linux,,linux,torvalds,4225,1765153604,0,200,complex_issues,691.8079853057861
rest,4994,,torvalds/linux,,linux,torvalds,,,1,200,medium_repo,688.4424686431885
rest,5107,,octocat/Hello-World,,Hello-World,octocat,,,1,200,medium_repo,663.75732421875
rest,1188,,,pjhyett,,,,,1,200,simple_user,564.312219619751
rest,200997,,django/django,,django,django,,,1,200,complex_issues,1383.753776550293
rest,254426,,numpy/numpy,,numpy,numpy,,,1,200,complex_issues,1543.0216789245605
rest,286239,,psf/requests,,requests,psf,,,1,200,complex_issues,1064.4242763519287
graphql,5242,,octocat/Hello-World,,Hello-World,octocat,4224,1765153604,0,200,complex_issues,1076.4718055725098
rest,5870,,numpy/numpy,,numpy,numpy,,,1,200,medium_repo,673.2432842254639
rest,1223,,,torvalds,,,,,1,200,simple_user,779.7772884368896
rest,181589,,torvalds/linux,,linux,torvalds,,,1,200,complex_issues,1280.8864116668701
graphql,204,,psf/requests,,requests,psf,4223,1765153604,0,200,medium_repo,643.3446407318115
graphql,119,,,octocat,,,4222,1765153604,0,200,simple_user,646.5599536895752
rest,122033,,octocat/Hello-World,,Hello-World,octocat,,,1,200,complex_issues,941.5967464447021
graphql,8920,,numpy/numpy,,numpy,numpy,4221,1765153604,0,200,complex_issues,2043.393611907959
graphql,115,,,defunkt,,,4220,1765153604,0,200,simple_user,629.7404766082764
graphql,47,,django/django,,django,django,4219,1765153604,0,200,complex_issues,700.6256580352783
rest,1282,,,mojombo,,,,,1,200,simple_user,606.5130233764648
graphql,107,,,pjhyett,,,4218,1765153604,0,200,simple_user,638.6423110961914
rest,6125,,django/django,,django,django,,,1,200,medium_repo,873.460054397583
graphql,124,,,torvalds,,,4217,1765153604,0,200,simple_user,1369.0080642700195
rest,1232,,,octocat,,,,,1,200,simple_user,579.6945095062256
graphql,7595,,psf/requests,,requests,psf,4216,1765153604,0,200,complex_issues,865.2524948120117
rest,5998,,psf/requests,,requests,psf,,,1,200,medium_repo,734.1299057006836
graphql,179,,octocat/Hello-World,,Hello-World,octocat,4215,1765153604,0,200,medium_repo,1083.7469100952148
graphql,183,,torvalds/linux,,linux,torvalds,4214,1765153604,0,200,medium_repo,965.367317199707
graphql,216,,numpy/numpy,,numpy,numpy,4213,1765153604,0,200,medium_repo,972.9459285736084
graphql,247,,django/django,,django,django,4212,1765153604,0,200,medium_repo,690.1893615722656
graphql,118,,,mojombo,,,4211,1765153604,0,200,simple_user,2042.0093536376953
rest,1201,,,defunkt,,,,,1,200,simple_user,550.7946014404297
graphql,47,,torvalds/linux,,linux,torvalds,4210,1765153604,0,200,complex_issues,709.362268447876
rest,4994,,torvalds/linux,,linux,torvalds,,,1,200,medium_repo,790.8487319946289
rest,5107,,octocat/Hello-World,,Hello-World,octocat,,,1,200,medium_repo,909.3883037567139
rest,1188,,,pjhyett,,,,,1,200,simple_user,807.4009418487549
rest,200997,,django/django,,django,django,,,1,200,complex_issues,1126.631498336792
rest,254426,,numpy/numpy,,numpy,numpy,,,1,200,complex_issues,1539.1762256622314
rest,286239,,psf/requests,,requests,psf,,,1,200,complex_issues,1318.0882930755615
graphql,5242,,octocat/Hello-World,,Hello-World,octocat,4209,1765153604,0,200,complex_issues,1791.4783954620361
rest,5870,,numpy/numpy,,numpy,numpy,,,1,200,medium_repo,929.9263954162598
rest,1223,,,torvalds,,,,,1,200,simple_user,578.1855583190918
rest,181589,,torvalds/linux,,linux,torvalds,,,1,200,complex_issues,1307.072401046753
graphql,204,,psf/requests,,requests,psf,4208,1765153604,0,200,medium_repo,1837.322473526001
graphql,119,,,octocat,,,4207,1765153604,0,200,simple_user,640.4640674591064
rest,122033,,octocat/Hello-World,,Hello-World,octocat,,,1,200,complex_issues,968.5912132263184
graphql,8920,,numpy/numpy,,numpy,numpy,4206,1765153604,0,200,complex_issues,772.7508544921875
graphql,115,,,defunkt,,,4205,1765153604,0,200,simple_user,646.6920375823975
graphql,47,,django/django,,django,django,4204,1765153604,0,200,complex_issues,829.2717933654785
rest,1282,,,mojombo,,,,,1,200,simple_user,563.7979507446289
graphql,107,,,pjhyett,,,4203,1765153604,0,200,simple_user,631.6087245941162
rest,6125,,django/django,,django,django,,,1,200,medium_repo,706.2399387359619
graphql,124,,,torvalds,,,4202,1765153604,0,200,simple_user,772.8283405303955
rest,1232,,,octocat,,,,,1,200,simple_user,738.2047176361084
graphql,7595,,psf/requests,,requests,psf,4201,1765153604,0,200,complex_issues,755.4817199707031
rest,5998,,psf/requests,,requests,psf,,,1,200,medium_repo,679.9607276916504
graphql,179,,octocat/Hello-World,,Hello-World,octocat,4200,1765153604,0,200,medium_repo,692.8436756134033
graphql,183,,torvalds/linux,,linux,torvalds,4199,1765153604,0,200,medium_repo,681.6318035125732
graphql,216,,numpy/numpy,,numpy,numpy,4198,1765153604,0,200,medium_repo,689.7103786468506
graphql,247,,django/django,,django,django,4197,1765153604,0,200,medium_repo,1841.6943550109863
graphql,118,,,mojombo,,,4196,1765153604,0,200,simple_user,612.1618747711182
rest,1201,,,defunkt,,,,,1,200,simple_user,591.0282135009766
graphql,47,,torvalds/linux,,linux,torvalds,4195,1765153604,0,200,complex_issues,650.7878303527832
rest,4994,,torvalds/linux,,linux,torvalds,,,1,200,medium_repo,683.2327842712402
rest,5107,,octocat/Hello-World,,Hello-World,octocat,,,1,200,medium_repo,656.3060283660889
rest,1188,,,pjhyett,,,,,1,200,simple_user,743.8712120056152
rest,200997,,django/django,,django,django,,,1,200,complex_issues,1284.1944694519043
rest,254426,,numpy/numpy,,numpy,numpy,,,1,200,complex_issues,1302.6330471038818
rest,286239,,psf/requests,,requests,psf,,,1,200,complex_issues,1563.5557174682617
graphql,5242,,octocat/Hello-World,,Hello-World,octocat,4194,1765153604,0,200,complex_issues,2048.5427379608154
rest,5870,,numpy/numpy,,numpy,numpy,,,1,200,medium_repo,709.7995281219482
rest,1223,,,torvalds,,,,,1,200,simple_user,609.6055507659912
rest,181589,,torvalds/linux,,linux,torvalds,,,1,200,complex_issues,1303.2982349395752
graphql,204,,psf/requests,,requests,psf,4193,1765153604,0,200,medium_repo,854.8684120178223
graphql,119,,,octocat,,,4192,1765153604,0,200,simple_user,628.6940574645996
rest,122033,,octocat/Hello-World,,Hello-World,octocat,,,1,200,complex_issues,1017.5271034240723
graphql,8920,,numpy/numpy,,numpy,numpy,4191,1765153604,0,200,complex_issues,883.8334083557129
graphql,115,,,defunkt,,,4190,1765153604,0,200,simple_user,606.1084270477295
graphql,47,,django/django,,django,django,4189,1765153604,0,200,complex_issues,811.2607002258301
rest,1282,,,mojombo,,,,,1,200,simple_user,570.6222057342529
graphql,107,,,pjhyett,,,4188,1765153604,0,200,simple_user,593.6934947967529
rest,6125,,django/django,,django,django,,,1,200,medium_repo,693.7808990478516
graphql,124,,,torvalds,,,4187,1765153604,0,200,simple_user,623.1894493103027
rest,1232,,,octocat,,,,,1,200,simple_user,579.3111324310303
graphql,7595,,psf/requests,,requests,psf,4186,1765153604,0,200,complex_issues,2031.8186283111572
rest,5998,,psf/requests,,requests,psf,,,1,200,medium_repo,686.1474514007568
graphql,179,,octocat/Hello-World,,Hello-World,octocat,4185,1765153604,0,200,medium_repo,631.4313411712646
graphql,183,,torvalds/linux,,linux,torvalds,4184,1765153604,0,200,medium_repo,688.6796951293945
graphql,216,,numpy/numpy,,numpy,numpy,4183,1765153604,0,200,medium_repo,687.7391338348389
graphql,247,,django/django,,django,django,4182,1765153604,0,200,medium_repo,894.6259021759033
graphql,118,,,mojombo,,,4181,1765153604,0,200,simple_user,809.24391746521
rest,1201,,,defunkt,,,,,1,200,simple_user,582.4449062347412
graphql,47,,torvalds/linux,,linux,torvalds,4180,1765153604,0,200,complex_issues,794.8668003082275
rest,4994,,torvalds/linux,,linux,torvalds,,,1,200,medium_repo,685.7798099517822
rest,5107,,octocat/Hello-World,,Hello-World,octocat,,,1,200,medium_repo,653.1193256378174
rest,1188,,,pjhyett,,,,,1,200,simple_user,750.7154941558838
rest,200997,,django/django,,django,django,,,1,200,complex_issues,1223.9584922790527
rest,254426,,numpy/numpy,,numpy,numpy,,,1,200,complex_issues,1251.572847366333
rest,286239,,psf/requests,,requests,psf,,,1,200,complex_issues,1327.517032623291
graphql,5242,,octocat/Hello-World,,Hello-World,octocat,4179,1765153604,0,200,complex_issues,1967.8642749786377
rest,5870,,numpy/numpy,,numpy,numpy,,,1,200,medium_repo,969.3996906280518
rest,1223,,,torvalds,,,,,1,200,simple_user,601.6674041748047
rest,181589,,torvalds/linux,,linux,torvalds,,,1,200,complex_issues,1433.8133335113525
graphql,204,,psf/requests,,requests,psf,4178,1765153604,0,200,medium_repo,830.322265625
graphql,119,,,octocat,,,4177,1765153604,0,200,simple_user,604.1688919067383
rest,122033,,octocat/Hello-World,,Hello-World,octocat,,,1,200,complex_issues,1279.8373699188232
graphql,8920,,numpy/numpy,,numpy,numpy,4176,1765153604,0,200,complex_issues,854.783296585083
graphql,115,,,defunkt,,,4175,1765153604,0,200,simple_user,660.9699726104736
graphql,47,,django/django,,django,django,4174,1765153604,0,200,complex_issues,840.986967086792
rest,1282,,,mojombo,,,,,1,200,simple_user,607.668399810791
graphql,107,,,pjhyett,,,4173,1765153604,0,200,simple_user,593.7056541442871
rest,6125,,django/django,,django,django,,,1,200,medium_repo,700.1330852508545
graphql,124,,,torvalds,,,4172,1765153604,0,200,simple_user,665.1835441589355
rest,1232,,,octocat,,,,,1,200,simple_user,558.6235523223877
graphql,7595,,psf/requests,,requests,psf,4171,1765153604,0,200,complex_issues,1935.3280067443848
rest,5998,,psf/requests,,requests,psf,,,1,200,medium_repo,704.3712139129639
graphql,179,,octocat/Hello-World,,Hello-World,octocat,4170,1765153604,0,200,medium_repo,864.398717880249
graphql,183,,torvalds/linux,,linux,torvalds,4169,1765153604,0,200,medium_repo,692.7504539489746
graphql,216,,numpy/numpy,,numpy,numpy,4168,1765153604,0,200,medium_repo,697.2565650939941
graphql,247,,django/django,,django,django,4167,1765153604,0,200,medium_repo,863.7790679931641
graphql,118,,,mojombo,,,4166,1765153604,0,200,simple_user,642.0297622680664
rest,1201,,,defunkt,,,,,1,200,simple_user,575.2139091491699
graphql,47,,torvalds/linux,,linux,torvalds,4165,1765153604,0,200,complex_issues,766.3745880126953
rest,4994,,torvalds/linux,,linux,torvalds,,,1,200,medium_repo,673.1595993041992
rest,5107,,octocat/Hello-World,,Hello-World,octocat,,,1,200,medium_repo,838.7801647186279
rest,1188,,,pjhyett,,,,,1,200,simple_user,571.9022750854492
rest,200997,,django/django,,django,django,,,1,200,complex_issues,1282.8598022460938
rest,254426,,numpy/numpy,,numpy,numpy,,,1,200,complex_issues,1167.0598983764648
rest,286239,,psf/requests,,requests,psf,,,1,200,complex_issues,1010.8938217163086
graphql,5242,,octocat/Hello-World,,Hello-World,octocat,4164,1765153604,0,200,complex_issues,1931.4782619476318
rest,5870,,numpy/numpy,,numpy,numpy,,,1,200,medium_repo,710.3233337402344
rest,1223,,,torvalds,,,,,1,200,simple_user,575.1872062683105
rest,181589,,torvalds/linux,,linux,torvalds,,,1,200,complex_issues,1332.9219818115234
graphql,204,,psf/requests,,requests,psf,4163,1765153604,0,200,medium_repo,756.1469078063965
graphql,119,,,octocat,,,4162,1765153604,0,200,simple_user,797.3406314849854
rest,122033,,octocat/Hello-World,,Hello-World,octocat,,,1,200,complex_issues,1233.07204246521
graphql,8920,,numpy/numpy,,numpy,numpy,4161,1765153604,0,200,complex_issues,807.2500228881836
graphql,115,,,defunkt,,,4160,1765153604,0,200,simple_user,624.1652965545654
graphql,47,,django/django,,django,django,4159,1765153604,0,200,complex_issues,1900.0887870788574
rest,1282,,,mojombo,,,,,1,200,simple_user,589.6172523498535
graphql,107,,,pjhyett,,,4158,1765153604,0,200,simple_user,618.1089878082275
rest,6125,,django/django,,django,django,,,1,200,medium_repo,715.6269550323486
graphql,124,,,torvalds,,,4157,1765153604,0,200,simple_user,667.6771640777588
rest,1232,,,octocat,,,,,1,200,simple_user,560.9357357025146
graphql,7595,,psf/requests,,requests,psf,4156,1765153604,0,200,complex_issues,1062.7977848052979
rest,5998,,psf/requests,,requests,psf,,,1,200,medium_repo,665.2004718780518
graphql,179,,octocat/Hello-World,,Hello-World,octocat,4155,1765153604,0,200,medium_repo,717.8573608398438
graphql,183,,torvalds/linux,,linux,torvalds,4154,1765153604,0,200,medium_repo,749.3727207183838
graphql,216,,numpy/numpy,,numpy,numpy,4153,1765153604,0,200,medium_repo,703.8161754608154
graphql,247,,django/django,,django,django,4152,1765153604,0,200,medium_repo,1102.5383472442627
graphql,118,,,mojombo,,,4151,1765153604,0,200,simple_user,620.746374130249
rest,1201,,,defunkt,,,,,1,200,simple_user,582.1065902709961
graphql,47,,torvalds/linux,,linux,torvalds,4150,1765153604,0,200,complex_issues,1007.9665184020996
rest,4994,,torvalds/linux,,linux,torvalds,,,1,200,medium_repo,698.5416412353516
rest,5107,,octocat/Hello-World,,Hello-World,octocat,,,1,200,medium_repo,1966.9318199157715
rest,1188,,,pjhyett,,,,,1,200,simple_user,617.9037094116211
rest,200997,,django/django,,django,django,,,1,200,complex_issues,1279.097557067871
rest,254426,,numpy/numpy,,numpy,numpy,,,1,200,complex_issues,1202.5058269500732
rest,286239,,psf/requests,,requests,psf,,,1,200,complex_issues,1178.2779693603516
graphql,5242,,octocat/Hello-World,,Hello-World,octocat,4149,1765153604,0,200,complex_issues,1058.7422847747803
rest,5870,,numpy/numpy,,numpy,numpy,,,1,200,medium_repo,682.6729774475098
rest,1223,,,torvalds,,,,,1,200,simple_user,570.1460838317871
rest,181589,,torvalds/linux,,linux,torvalds,,,1,200,complex_issues,1074.061393737793
graphql,204,,psf/requests,,requests,psf,4148,1765153604,0,200,medium_repo,678.0707836151123
graphql,119,,,octocat,,,4147,1765153604,0,200,simple_user,770.8144187927246
rest,122033,,octocat/Hello-World,,Hello-World,octocat,,,1,200,complex_issues,1714.7648334503174
graphql,8920,,numpy/numpy,,numpy,numpy,4146,1765153604,0,200,complex_issues,821.3546276092529
graphql,115,,,defunkt,,,4145,1765153604,0,200,simple_user,604.2068004608154
graphql,47,,django/django,,django,django,4144,1765153604,0,200,complex_issues,1883.2199573516846
rest,1282,,,mojombo,,,,,1,200,simple_user,562.164306640625
graphql,107,,,pjhyett,,,4143,1765153604,0,200,simple_user,669.2147254943848
rest,6125,,django/django,,django,django,,,1,200,medium_repo,704.1654586791992
graphql,124,,,torvalds,,,4142,1765153604,0,200,simple_user,639.1828060150146
rest,1232,,,octocat,,,,,1,200,simple_user,583.7678909301758
graphql,7595,,psf/requests,,requests,psf,4141,1765153604,0,200,complex_issues,941.4360523223877
rest,5998,,psf/requests,,requests,psf,,,1,200,medium_repo,699.190616607666
graphql,179,,octocat/Hello-World,,Hello-World,octocat,4140,1765153604,0,200,medium_repo,630.4061412811279
graphql,183,,torvalds/linux,,linux,torvalds,4139,1765153604,0,200,medium_repo,646.4991569519043
graphql,216,,numpy/numpy,,numpy,numpy,4138,1765153604,0,200,medium_repo,777.2467136383057
graphql,247,,django/django,,django,django,4137,1765153604,0,200,medium_repo,1887.4244689941406
graphql,118,,,mojombo,,,4136,1765153604,0,200,simple_user,634.2175006866455
rest,1201,,,defunkt,,,,,1,200,simple_user,610.5425357818604
graphql,47,,torvalds/linux,,linux,torvalds,4135,1765153604,0,200,complex_issues,687.5190734863281
rest,4994,,torvalds/linux,,linux,torvalds,,,1,200,medium_repo,640.0697231292725
rest,5107,,octocat/Hello-World,,Hello-World,octocat,,,1,200,medium_repo,666.9995784759521
rest,1188,,,pjhyett,,,,,1,200,simple_user,750.288724899292
rest,200997,,django/django,,django,django,,,1,200,complex_issues,1361.4306449890137
rest,254426,,numpy/numpy,,numpy,numpy,,,1,200,complex_issues,1264.0841007232666
rest,286239,,psf/requests,,requests,psf,,,1,200,complex_issues,1097.1839427947998
graphql,5242,,octocat/Hello-World,,Hello-World,octocat,4134,1765153604,0,200,complex_issues,946.4969635009766
rest,5870,,numpy/numpy,,numpy,numpy,,,1,200,medium_repo,683.6731433868408
rest,1223,,,torvalds,,,,,1,200,simple_user,576.2264728546143
rest,181589,,torvalds/linux,,linux,torvalds,,,1,200,complex_issues,1425.431728363037
graphql,204,,psf/requests,,requests,psf,4133,1765153604,0,200,medium_repo,706.3007354736328
graphql,119,,,octocat,,,4132,1765153604,0,200,simple_user,1805.8500289916992
rest,122033,,octocat/Hello-World,,Hello-World,octocat,,,1,200,complex_issues,1169.6062088012695
graphql,8920,,numpy/numpy,,numpy,numpy,4131,1765153604,0,200,complex_issues,958.3508968353271
graphql,115,,,defunkt,,,4130,1765153604,0,200,simple_user,883.8996887207031
graphql,47,,django/django,,django,django,4129,1765153604,0,200,complex_issues,837.0118141174316
rest,1282,,,mojombo,,,,,1,200,simple_user,595.0875282287598
graphql,107,,,pjhyett,,,4128,1765153604,0,200,simple_user,610.6226444244385
rest,6125,,django/django,,django,django,,,1,200,medium_repo,683.1867694854736
graphql,124,,,torvalds,,,4127,1765153604,0,200,simple_user,595.6859588623047
rest,1232,,,octocat,,,,,1,200,simple_user,579.9171924591064
graphql,7595,,psf/requests,,requests,psf,4126,1765153604,0,200,complex_issues,775.0303745269775
rest,5998,,psf/requests,,requests,psf,,,1,200,medium_repo,869.6253299713135
graphql,179,,octocat/Hello-World,,Hello-World,octocat,4125,1765153604,0,200,medium_repo,656.7513942718506
graphql,183,,torvalds/linux,,linux,torvalds,4124,1765153604,0,200,medium_repo,678.950309753418
graphql,216,,numpy/numpy,,numpy,numpy,4123,1765153604,0,200,medium_repo,708.1522941589355
graphql,247,,django/django,,django,django,4122,1765153604,0,200,medium_repo,741.4395809173584
graphql,118,,,mojombo,,,4121,1765153604,0,200,simple_user,628.8108825683594
rest,1201,,,defunkt,,,,,1,200,simple_user,1757.2669982910156
graphql,47,,torvalds/linux,,linux,torvalds,4120,1765153604,0,200,complex_issues,779.7508239746094
rest,4994,,torvalds/linux,,linux,torvalds,,,1,200,medium_repo,674.731969833374
rest,5107,,octocat/Hello-World,,Hello-World,octocat,,,1,200,medium_repo,628.9093494415283
rest,1188,,,pjhyett,,,,,1,200,simple_user,569.7023868560791
rest,200997,,django/django,,django,django,,,1,200,complex_issues,1257.8470706939697
rest,254426,,numpy/numpy,,numpy,numpy,,,1,200,complex_issues,1541.7919158935547
rest,286239,,psf/requests,,requests,psf,,,1,200,complex_issues,1222.7957248687744
graphql,5242,,octocat/Hello-World,,Hello-World,octocat,4119,1765153604,0,200,complex_issues,808.8414669036865
rest,5870,,numpy/numpy,,numpy,numpy,,,1,200,medium_repo,960.6666564941406
rest,1223,,,torvalds,,,,,1,200,simple_user,616.206169128418
rest,181589,,torvalds/linux,,linux,torvalds,,,1,200,complex_issues,1426.3591766357422
graphql,204,,psf/requests,,requests,psf,4118,1765153604,0,200,medium_repo,700.7088661193848
graphql,119,,,octocat,,,4117,1765153604,0,200,simple_user,610.2635860443115
rest,122033,,octocat/Hello-World,,Hello-World,octocat,,,1,200,complex_issues,2393.341302871704
graphql,8920,,numpy/numpy,,numpy,numpy,4116,1765153604,0,200,complex_issues,984.4787120819092
graphql,115,,,defunkt,,,4115,1765153604,0,200,simple_user,625.6599426269531
graphql,47,,django/django,,django,django,4114,1765153604,0,200,complex_issues,656.7339897155762
rest,1282,,,mojombo,,,,,1,200,simple_user,575.5488872528076
graphql,107,,,pjhyett,,,4113,1765153604,0,200,simple_user,810.4853630065918
rest,6125,,django/django,,django,django,,,1,200,medium_repo,766.6497230529785
graphql,124,,,torvalds,,,4112,1765153604,0,200,simple_user,608.1252098083496
rest,1232,,,octocat,,,,,1,200,simple_user,575.1502513885498
graphql,7595,,psf/requests,,requests,psf,4111,1765153604,0,200,complex_issues,755.7337284088135
rest,5998,,psf/requests,,requests,psf,,,1,200,medium_repo,1882.7598094940186
graphql,179,,octocat/Hello-World,,Hello-World,octocat,4110,1765153604,0,200,medium_repo,673.7453937530518
graphql,183,,torvalds/linux,,linux,torvalds,4109,1765153604,0,200,medium_repo,637.6762390136719
graphql,216,,numpy/numpy,,numpy,numpy,4108,1765153604,0,200,medium_repo,703.8567066192627
graphql,247,,django/django,,django,django,4107,1765153604,0,200,medium_repo,750.633955001831
graphql,118,,,mojombo,,,4106,1765153604,0,200,simple_user,658.6306095123291
rest,1201,,,defunkt,,,,,1,200,simple_user,767.8077220916748
graphql,47,,torvalds/linux,,linux,torvalds,4105,1765153604,0,200,complex_issues,742.598295211792
rest,4994,,torvalds/linux,,linux,torvalds,,,1,200,medium_repo,695.4076290130615
rest,5107,,octocat/Hello-World,,Hello-World,octocat,,,1,200,medium_repo,639.2297744750977
rest,1188,,,pjhyett,,,,,1,200,simple_user,560.1532459259033
rest,200997,,django/django,,django,django,,,1,200,complex_issues,1229.9926280975342
rest,254426,,numpy/numpy,,numpy,numpy,,,1,200,complex_issues,1412.519931793213
rest,286239,,psf/requests,,requests,psf,,,1,200,complex_issues,1197.9222297668457
graphql,5242,,octocat/Hello-World,,Hello-World,octocat,4104,1765153604,0,200,complex_issues,1421.8430519104004
rest,5870,,numpy/numpy,,numpy,numpy,,,1,200,medium_repo,1868.391990661621
rest,1223,,,torvalds,,,,,1,200,simple_user,609.9588871002197
rest,181589,,torvalds/linux,,linux,torvalds,,,1,200,complex_issues,1328.8073539733887
graphql,204,,psf/requests,,requests,psf,4103,1765153604,0,200,medium_repo,785.7987880706787
graphql,119,,,octocat,,,4102,1765153604,0,200,simple_user,624.5319843292236
rest,122033,,octocat/Hello-World,,Hello-World,octocat,,,1,200,complex_issues,1113.2919788360596
graphql,8920,,numpy/numpy,,numpy,numpy,4101,1765153604,0,200,complex_issues,937.4434947967529
graphql,115,,,defunkt,,,4100,1765153604,0,200,simple_user,648.8888263702393
graphql,47,,django/django,,django,django,4099,1765153604,0,200,complex_issues,676.2475967407227
rest,1282,,,mojombo,,,,,1,200,simple_user,751.8634796142578
graphql,107,,,pjhyett,,,4098,1765153604,0,200,simple_user,619.4076538085938
rest,6125,,django/django,,django,django,,,1,200,medium_repo,734.5945835113525
graphql,124,,,torvalds,,,4097,1765153604,0,200,simple_user,675.879716873169
rest,1232,,,octocat,,,,,1,200,simple_user,621.6886043548584
graphql,7595,,psf/requests,,requests,psf,4096,1765153604,0,200,complex_issues,928.6539554595947
rest,5998,,psf/requests,,requests,psf,,,1,200,medium_repo,1897.7091312408447
graphql,179,,octocat/Hello-World,,Hello-World,octocat,4095,1765153604,0,200,medium_repo,745.6040382385254
graphql,183,,torvalds/linux,,linux,torvalds,4094,1765153604,0,200,medium_repo,722.9876518249512
graphql,216,,numpy/numpy,,numpy,numpy,4093,1765153604,0,200,medium_repo,795.6783771514893
graphql,247,,django/django,,django,django,4092,1765153604,0,200,medium_repo,723.7749099731445
graphql,118,,,mojombo,,,4091,1765153604,0,200,simple_user,860.0366115570068
rest,1201,,,defunkt,,,,,1,200,simple_user,581.8667411804199
graphql,47,,torvalds/linux,,linux,torvalds,4090,1765153604,0,200,complex_issues,659.0440273284912
rest,4994,,torvalds/linux,,linux,torvalds,,,1,200,medium_repo,676.6037940979004
rest,5107,,octocat/Hello-World,,Hello-World,octocat,,,1,200,medium_repo,662.6620292663574
rest,1188,,,pjhyett,,,,,1,200,simple_user,605.5338382720947
rest,200997,,django/django,,django,django,,,1,200,complex_issues,1367.1958446502686
rest,254426,,numpy/numpy,,numpy,numpy,,,1,200,complex_issues,1389.9962902069092
rest,286239,,psf/requests,,requests,psf,,,1,200,complex_issues,1383.3725452423096
graphql,5242,,octocat/Hello-World,,Hello-World,octocat,4089,1765153604,0,200,complex_issues,2466.7582511901855
rest,5870,,numpy/numpy,,numpy,numpy,,,1,200,medium_repo,688.0264282226562
rest,1223,,,torvalds,,,,,1,200,simple_user,595.8831310272217
rest,181589,,torvalds/linux,,linux,torvalds,,,1,200,complex_issues,1271.9335556030273
graphql,204,,psf/requests,,requests,psf,4088,1765153604,0,200,medium_repo,956.3074111938477
graphql,119,,,octocat,,,4087,1765153604,0,200,simple_user,620.9187507629395
rest,122033,,octocat/Hello-World,,Hello-World,octocat,,,1,200,complex_issues,1026.4201164245605
graphql,8920,,numpy/numpy,,numpy,numpy,4086,1765153604,0,200,complex_issues,782.7134132385254
graphql,115,,,defunkt,,,4085,1765153604,0,200,simple_user,729.5198440551758
graphql,47,,django/django,,django,django,4084,1765153604,0,200,complex_issues,1885.887861251831
rest,1282,,,mojombo,,,,,1,200,simple_user,571.1615085601807
graphql,107,,,pjhyett,,,4083,1765153604,0,200,simple_user,633.7161064147949
rest,6125,,django/django,,django,django,,,1,200,medium_repo,712.4202251434326
graphql,124,,,torvalds,,,4082,1765153604,0,200,simple_user,603.5244464874268
rest,1232,,,octocat,,,,,1,200,simple_user,604.2239665985107
graphql,7595,,psf/requests,,requests,psf,4081,1765153604,0,200,complex_issues,1075.826644897461
rest,5998,,psf/requests,,requests,psf,,,1,200,medium_repo,666.0325527191162
graphql,179,,octocat/Hello-World,,Hello-World,octocat,4080,1765153604,0,200,medium_repo,663.4726524353027
graphql,183,,torvalds/linux,,linux,torvalds,4079,1765153604,0,200,medium_repo,719.3562984466553
graphql,216,,numpy/numpy,,numpy,numpy,4078,1765153604,0,200,medium_repo,696.1982250213623
graphql,247,,django/django,,django,django,4077,1765153604,0,200,medium_repo,926.5739917755127
graphql,118,,,mojombo,,,4076,1765153604,0,200,simple_user,659.8930358886719
rest,1201,,,defunkt,,,,,1,200,simple_user,568.6891078948975
graphql,47,,torvalds/linux,,linux,torvalds,4075,1765153604,0,200,complex_issues,624.8741149902344
rest,4994,,torvalds/linux,,linux,torvalds,,,1,200,medium_repo,668.6558723449707
rest,5107,,octocat/Hello-World,,Hello-World,octocat,,,1,200,medium_repo,742.8858280181885
rest,1188,,,pjhyett,,,,,1,200,simple_user,1767.3983573913574
rest,200997,,django/django,,django,django,,,1,200,complex_issues,939.1076564788818
rest,254426,,numpy/numpy,,numpy,numpy,,,1,200,complex_issues,1149.8723030090332
rest,286239,,psf/requests,,requests,psf,,,1,200,complex_issues,1409.4429016113281
graphql,5242,,octocat/Hello-World,,Hello-World,octocat,4074,1765153604,0,200,complex_issues,940.7322406768799
rest,5870,,numpy/numpy,,numpy,numpy,,,1,200,medium_repo,681.859016418457
rest,1223,,,torvalds,,,,,1,200,simple_user,590.5871391296387
rest,181589,,torvalds/linux,,linux,torvalds,,,1,200,complex_issues,1485.0225448608398
graphql,204,,psf/requests,,requests,psf,4073,1765153604,0,200,medium_repo,678.1778335571289
graphql,119,,,octocat,,,4072,1765153604,0,200,simple_user,861.6757392883301
rest,122033,,octocat/Hello-World,,Hello-World,octocat,,,1,200,complex_issues,1120.4817295074463
graphql,8920,,numpy/numpy,,numpy,numpy,4071,1765153604,0,200,complex_issues,757.8854560852051
graphql,115,,,defunkt,,,4070,1765153604,0,200,simple_user,627.7124881744385
graphql,47,,django/django,,django,django,4069,1765153604,0,200,complex_issues,785.4363918304443
rest,1282,,,mojombo,,,,,1,200,simple_user,1764.7778987884521
graphql,107,,,pjhyett,,,4068,1765153604,0,200,simple_user,624.1724491119385
rest,6125,,django/django,,django,django,,,1,200,medium_repo,685.3806972503662
graphql,124,,,torvalds,,,4067,1765153604,0,200,simple_user,605.1392555236816
rest,1232,,,octocat,,,,,1,200,simple_user,579.7979831695557
graphql,7595,,psf/requests,,requests,psf,4066,1765153604,0,200,complex_issues,866.830587387085
rest,5998,,psf/requests,,requests,psf,,,1,200,medium_repo,884.4850063323975
graphql,179,,octocat/Hello-World,,Hello-World,octocat,4065,1765153604,0,200,medium_repo,683.1786632537842
graphql,183,,torvalds/linux,,linux,torvalds,4064,1765153604,0,200,medium_repo,668.7192916870117
graphql,216,,numpy/numpy,,numpy,numpy,4063,1765153604,0,200,medium_repo,690.2151107788086
graphql,247,,django/django,,django,django,4062,1765153604,0,200,medium_repo,699.1312503814697
graphql,118,,,mojombo,,,4061,1765153604,0,200,simple_user,869.9164390563965
rest,1201,,,defunkt,,,,,1,200,simple_user,587.3513221740723
graphql,47,,torvalds/linux,,linux,torvalds,4060,1765153604,0,200,complex_issues,701.6983032226562
rest,4994,,torvalds/linux,,linux,torvalds,,,1,200,medium_repo,670.0069904327393
rest,5107,,octocat/Hello-World,,Hello-World,octocat,,,1,200,medium_repo,800.6110191345215
rest,1188,,,pjhyett,,,,,1,200,simple_user,1750.8800029754639
rest,200997,,django/django,,django,django,,,1,200,complex_issues,1337.2180461883545
rest,254426,,numpy/numpy,,numpy,numpy,,,1,200,complex_issues,1176.482915878296
rest,286239,,psf/requests,,requests,psf,,,1,200,complex_issues,1332.62300491333
graphql,5242,,octocat/Hello-World,,Hello-World,octocat,4059,1765153604,0,200,complex_issues,1036.4649295806885
rest,5870,,numpy/numpy,,numpy,numpy,,,1,200,medium_repo,694.7829723358154
rest,1223,,,torvalds,,,,,1,200,simple_user,590.1424884796143
rest,181589,,torvalds/linux,,linux,torvalds,,,1,200,complex_issues,1308.0830574035645
graphql,204,,psf/requests,,requests,psf,4058,1765153604,0,200,medium_repo,802.2522926330566
graphql,119,,,octocat,,,4057,1765153604,0,200,simple_user,1975.937843322754
rest,122033,,octocat/Hello-World,,Hello-World,octocat,,,1,200,complex_issues,1105.7140827178955
graphql,8920,,numpy/numpy,,numpy,numpy,4056,1765153604,0,200,complex_issues,858.3967685699463
graphql,115,,,defunkt,,,4055,1765153604,0,200,simple_user,625.084638595581
graphql,47,,django/django,,django,django,4054,1765153604,0,200,complex_issues,898.6415863037109
rest,1282,,,mojombo,,,,,1,200,simple_user,583.9405059814453
graphql,107,,,pjhyett,,,4053,1765153604,0,200,simple_user,619.5080280303955
rest,6125,,django/django,,django,django,,,1,200,medium_repo,666.1393642425537
graphql,124,,,torvalds,,,4052,1765153604,0,200,simple_user,637.3019218444824
rest,1232,,,octocat,,,,,1,200,simple_user,570.6143379211426
graphql,7595,,psf/requests,,requests,psf,4051,1765153604,0,200,complex_issues,935.1449012756348
rest,5998,,psf/requests,,requests,psf,,,1,200,medium_repo,664.2372608184814
graphql,179,,octocat/Hello-World,,Hello-World,octocat,4050,1765153604,0,200,medium_repo,685.1632595062256
graphql,183,,torvalds/linux,,linux,torvalds,4049,1765153604,0,200,medium_repo,693.5944557189941
graphql,216,,numpy/numpy,,numpy,numpy,4048,1765153604,0,200,medium_repo,737.149715423584
graphql,247,,django/django,,django,django,4047,1765153604,0,200,medium_repo,1928.8280010223389
graphql,118,,,mojombo,,,4046,1765153604,0,200,simple_user,620.0051307678223
rest,1201,,,defunkt,,,,,1,200,simple_user,592.5948619842529
graphql,47,,torvalds/linux,,linux,torvalds,4045,1765153604,0,200,complex_issues,709.5274925231934
rest,4994,,torvalds/linux,,linux,torvalds,,,1,200,medium_repo,664.3908023834229
rest,5107,,octocat/Hello-World,,Hello-World,octocat,,,1,200,medium_repo,661.2403392791748
rest,1188,,,pjhyett,,,,,1,200,simple_user,751.0902881622314
rest,200997,,django/django,,django,django,,,1,200,complex_issues,1203.657865524292
rest,254426,,numpy/numpy,,numpy,numpy,,,1,200,complex_issues,1269.3893909454346
rest,286239,,psf/requests,,requests,psf,,,1,200,complex_issues,1053.9970397949219
graphql,5242,,octocat/Hello-World,,Hello-World,octocat,4044,1765153604,0,200,complex_issues,976.1195182800293
rest,5870,,numpy/numpy,,numpy,numpy,,,1,200,medium_repo,673.1863021850586
rest,1223,,,torvalds,,,,,1,200,simple_user,606.5583229064941
rest,181589,,torvalds/linux,,linux,torvalds,,,1,200,complex_issues,1215.3360843658447
graphql,204,,psf/requests,,requests,psf,4043,1765153604,0,200,medium_repo,723.0415344238281
graphql,119,,,octocat,,,4042,1765153604,0,200,simple_user,1806.3039779663086
rest,122033,,octocat/Hello-World,,Hello-World,octocat,,,1,200,complex_issues,1062.9010200500488
graphql,8920,,numpy/numpy,,numpy,numpy,4041,1765153604,0,200,complex_issues,808.1095218658447
graphql,115,,,defunkt,,,4040,1765153604,0,200,simple_user,675.7023334503174
graphql,47,,django/django,,django,django,4039,1765153604,0,200,complex_issues,675.4820346832275
rest,1282,,,mojombo,,,,,1,200,simple_user,756.0756206512451
graphql,107,,,pjhyett,,,4038,1765153604,0,200,simple_user,715.7001495361328
rest,6125,,django/django,,django,django,,,1,200,medium_repo,726.3634204864502
graphql,124,,,torvalds,,,4037,1765153604,0,200,simple_user,692.6333904266357
rest,1232,,,octocat,,,,,1,200,simple_user,604.5575141906738
graphql,7595,,psf/requests,,requests,psf,4036,1765153604,0,200,complex_issues,1077.6429176330566
rest,5998,,psf/requests,,requests,psf,,,1,200,medium_repo,698.7404823303223
graphql,179,,octocat/Hello-World,,Hello-World,octocat,4035,1765153604,0,200,medium_repo,702.1117210388184
graphql,183,,torvalds/linux,,linux,torvalds,4034,1765153604,0,200,medium_repo,710.1147174835205
graphql,216,,numpy/numpy,,numpy,numpy,4033,1765153604,0,200,medium_repo,690.4716491699219
graphql,247,,django/django,,django,django,4032,1765153604,0,200,medium_repo,732.3088645935059
graphql,118,,,mojombo,,,4031,1765153604,0,200,simple_user,1762.3963356018066
rest,1201,,,defunkt,,,,,1,200,simple_user,602.4084091186523
graphql,47,,torvalds/linux,,linux,torvalds,4030,1765153604,0,200,complex_issues,629.9722194671631
rest,4994,,torvalds/linux,,linux,torvalds,,,1,200,medium_repo,685.1117610931396
rest,5107,,octocat/Hello-World,,Hello-World,octocat,,,1,200,medium_repo,630.028247833252
rest,1188,,,pjhyett,,,,,1,200,simple_user,802.5236129760742
rest,200997,,django/django,,django,django,,,1,200,complex_issues,1183.0949783325195
rest,254426,,numpy/numpy,,numpy,numpy,,,1,200,complex_issues,1373.9876747131348
rest,286239,,psf/requests,,requests,psf,,,1,200,complex_issues,1007.0571899414062
graphql,5242,,octocat/Hello-World,,Hello-World,octocat,4029,1765153604,0,200,complex_issues,1061.3937377929688
rest,5870,,numpy/numpy,,numpy,numpy,,,1,200,medium_repo,714.6799564361572
rest,1223,,,torvalds,,,,,1,200,simple_user,572.3607540130615
rest,181589,,torvalds/linux,,linux,torvalds,,,1,200,complex_issues,1242.302656173706
graphql,204,,psf/requests,,requests,psf,4028,1765153604,0,200,medium_repo,685.3344440460205
graphql,119,,,octocat,,,4027,1765153604,0,200,simple_user,1772.336483001709
rest,122033,,octocat/Hello-World,,Hello-World,octocat,,,1,200,complex_issues,1217.2045707702637
graphql,8920,,numpy/numpy,,numpy,numpy,4026,1765153604,0,200,complex_issues,899.6410369873047
graphql,115,,,defunkt,,,4025,1765153604,0,200,simple_user,623.7301826477051
graphql,47,,django/django,,django,django,4024,1765153604,0,200,complex_issues,729.7310829162598
rest,1282,,,mojombo,,,,,1,200,simple_user,756.9758892059326
graphql,107,,,pjhyett,,,4023,1765153604,0,200,simple_user,689.7256374359131
rest,6125,,django/django,,django,django,,,1,200,medium_repo,689.2099380493164
graphql,124,,,torvalds,,,4022,1765153604,0,200,simple_user,620.4788684844971
rest,1232,,,octocat,,,,,1,200,simple_user,581.4855098724365
graphql,7595,,psf/requests,,requests,psf,4021,1765153604,0,200,complex_issues,785.2811813354492
rest,5998,,psf/requests,,requests,psf,,,1,200,medium_repo,1844.7351455688477
graphql,179,,octocat/Hello-World,,Hello-World,octocat,4020,1765153604,0,200,medium_repo,716.2141799926758
graphql,183,,torvalds/linux,,linux,torvalds,4019,1765153604,0,200,medium_repo,631.0124397277832
graphql,216,,numpy/numpy,,numpy,numpy,4018,1765153604,0,200,medium_repo,692.9581165313721
graphql,247,,django/django,,django,django,4017,1765153604,0,200,medium_repo,679.2078018188477
graphql,118,,,mojombo,,,4016,1765153604,0,200,simple_user,605.2672863006592
rest,1201,,,defunkt,,,,,1,200,simple_user,739.2632961273193
graphql,47,,torvalds/linux,,linux,torvalds,4015,1765153604,0,200,complex_issues,649.4393348693848
rest,4994,,torvalds/linux,,linux,torvalds,,,1,200,medium_repo,675.3590106964111
rest,5107,,octocat/Hello-World,,Hello-World,octocat,,,1,200,medium_repo,615.271806716919
rest,1188,,,pjhyett,,,,,1,200,simple_user,583.4803581237793
rest,200997,,django/django,,django,django,,,1,200,complex_issues,975.9328365325928
rest,254426,,numpy/numpy,,numpy,numpy,,,1,200,complex_issues,1290.673017501831
rest,286239,,psf/requests,,requests,psf,,,1,200,complex_issues,1336.7555141448975
graphql,5242,,octocat/Hello-World,,Hello-World,octocat,4014,1765153604,0,200,complex_issues,840.1162624359131
rest,5870,,numpy/numpy,,numpy,numpy,,,1,200,medium_repo,716.1357402801514
rest,1223,,,torvalds,,,,,1,200,simple_user,1751.8839836120605
rest,181589,,torvalds/linux,,linux,torvalds,,,1,200,complex_issues,1294.9895858764648
graphql,204,,psf/requests,,requests,psf,4013,1765153604,0,200,medium_repo,900.5699157714844
graphql,119,,,octocat,,,4012,1765153604,0,200,simple_user,675.0667095184326
rest,122033,,octocat/Hello-World,,Hello-World,octocat,,,1,200,complex_issues,1434.6754550933838
graphql,8920,,numpy/numpy,,numpy,numpy,4011,1765153604,0,200,complex_issues,774.315357208252
graphql,115,,,defunkt,,,4010,1765153604,0,200,simple_user,589.8962020874023
graphql,47,,django/django,,django,django,4009,1765153604,0,200,complex_issues,784.9071025848389
rest,1282,,,mojombo,,,,,1,200,simple_user,602.6301383972168
graphql,107,,,pjhyett,,,4008,1765153604,0,200,simple_user,785.2039337158203
rest,6125,,django/django,,django,django,,,1,200,medium_repo,697.6349353790283
graphql,124,,,torvalds,,,4007,1765153604,0,200,simple_user,627.781867980957
rest,1232,,,octocat,,,,,1,200,simple_user,594.7813987731934
graphql,7595,,psf/requests,,requests,psf,4006,1765153604,0,200,complex_issues,887.5761032104492
rest,5998,,psf/requests,,requests,psf,,,1,200,medium_repo,676.159143447876
graphql,179,,octocat/Hello-World,,Hello-World,octocat,4005,1765153604,0,200,medium_repo,1955.5222988128662
graphql,183,,torvalds/linux,,linux,torvalds,4004,1765153604,0,200,medium_repo,742.2988414764404
graphql,216,,numpy/numpy,,numpy,numpy,4003,1765153604,0,200,medium_repo,959.4972133636475
graphql,247,,django/django,,django,django,4002,1765153604,0,200,medium_repo,682.6989650726318
graphql,118,,,mojombo,,,4001,1765153604,0,200,simple_user,634.7508430480957
rest,1201,,,defunkt,,,,,1,200,simple_user,774.2319107055664
graphql,47,,torvalds/linux,,linux,torvalds,4000,1765153604,0,200,complex_issues,731.9917678833008
rest,4994,,torvalds/linux,,linux,torvalds,,,1,200,medium_repo,697.5069046020508
rest,5107,,octocat/Hello-World,,Hello-World,octocat,,,1,200,medium_repo,668.5779094696045
rest,1188,,,pjhyett,,,,,1,200,simple_user,572.1783638000488
rest,200997,,django/django,,django,django,,,1,200,complex_issues,1564.5277500152588
rest,254426,,numpy/numpy,,numpy,numpy,,,1,200,complex_issues,1159.642219543457
rest,286239,,psf/requests,,requests,psf,,,1,200,complex_issues,1483.130931854248
graphql,5242,,octocat/Hello-World,,Hello-World,octocat,3999,1765153604,0,200,complex_issues,1923.4397411346436
rest,5870,,numpy/numpy,,numpy,numpy,,,1,200,medium_repo,693.880558013916
rest,1223,,,torvalds,,,,,1,200,simple_user,618.973970413208
rest,181589,,torvalds/linux,,linux,torvalds,,,1,200,complex_issues,1168.9748764038086
graphql,204,,psf/requests,,requests,psf,3998,1765153604,0,200,medium_repo,753.2386779785156
graphql,119,,,octocat,,,3997,1765153604,0,200,simple_user,801.7420768737793
rest,122033,,octocat/Hello-World,,Hello-World,octocat,,,1,200,complex_issues,1012.4671459197998
graphql,8920,,numpy/numpy,,numpy,numpy,3996,1765153604,0,200,complex_issues,900.0511169433594
graphql,115,,,defunkt,,,3995,1765153604,0,200,simple_user,587.273120880127
graphql,47,,django/django,,django,django,3994,1765153604,0,200,complex_issues,648.8099098205566
rest,1282,,,mojombo,,,,,1,200,simple_user,761.4150047302246
graphql,107,,,pjhyett,,,3993,1765153604,0,200,simple_user,599.1582870483398
rest,6125,,django/django,,django,django,,,1,200,medium_repo,709.4583511352539
graphql,124,,,torvalds,,,3992,1765153604,0,200,simple_user,657.1943759918213
rest,1232,,,octocat,,,,,1,200,simple_user,592.684268951416
graphql,7595,,psf/requests,,requests,psf,3991,1765153604,0,200,complex_issues,861.9017601013184
rest,5998,,psf/requests,,requests,psf,,,1,200,medium_repo,1894.1245079040527
graphql,179,,octocat/Hello-World,,Hello-World,octocat,3990,1765153604,0,200,medium_repo,896.1396217346191
graphql,183,,torvalds/linux,,linux,torvalds,3989,1765153604,0,200,medium_repo,796.353816986084
graphql,216,,numpy/numpy,,numpy,numpy,3988,1765153604,0,200,medium_repo,713.5930061340332
graphql,247,,django/django,,django,django,3987,1765153604,0,200,medium_repo,1009.9444389343262
graphql,118,,,mojombo,,,3986,1765153604,0,200,simple_user,763.7689113616943
rest,1201,,,defunkt,,,,,1,200,simple_user,607.795238494873
graphql,47,,torvalds/linux,,linux,torvalds,3985,1765153604,0,200,complex_issues,673.713207244873
rest,4994,,torvalds/linux,,linux,torvalds,,,1,200,medium_repo,663.856029510498
rest,5107,,octocat/Hello-World,,Hello-World,octocat,,,1,200,medium_repo,659.0447425842285
rest,1188,,,pjhyett,,,,,1,200,simple_user,583.5959911346436
rest,200997,,django/django,,django,django,,,1,200,complex_issues,2405.306339263916
rest,254426,,numpy/numpy,,numpy,numpy,,,1,200,complex_issues,1304.8038482666016
rest,286239,,psf/requests,,requests,psf,,,1,200,complex_issues,1310.992956161499
graphql,5242,,octocat/Hello-World,,Hello-World,octocat,3984,1765153604,0,200,complex_issues,954.0760517120361
rest,5870,,numpy/numpy,,numpy,numpy,,,1,200,medium_repo,700.9425163269043
rest,1223,,,torvalds,,,,,1,200,simple_user,567.7828788757324
rest,181589,,torvalds/linux,,linux,torvalds,,,1,200,complex_issues,1459.791898727417
graphql,204,,psf/requests,,requests,psf,3983,1765153604,0,200,medium_repo,648.7114429473877
graphql,119,,,octocat,,,3982,1765153604,0,200,simple_user,779.2947292327881
rest,122033,,octocat/Hello-World,,Hello-World,octocat,,,1,200,complex_issues,1147.5353240966797
graphql,8920,,numpy/numpy,,numpy,numpy,3981,1765153604,0,200,complex_issues,931.7066669464111
graphql,115,,,defunkt,,,3980,1765153604,0,200,simple_user,712.8310203552246
graphql,47,,django/django,,django,django,3979,1765153604,0,200,complex_issues,663.0942821502686
rest,1282,,,mojombo,,,,,1,200,simple_user,1798.1936931610107
graphql,107,,,pjhyett,,,3978,1765153604,0,200,simple_user,641.5739059448242
rest,6125,,django/django,,django,django,,,1,200,medium_repo,649.1963863372803
graphql,124,,,torvalds,,,3977,1765153604,0,200,simple_user,658.9357852935791
rest,1232,,,octocat,,,,,1,200,simple_user,569.8146820068359
graphql,7595,,psf/requests,,requests,psf,3976,1765153604,0,200,complex_issues,1024.695634841919
rest,5998,,psf/requests,,requests,psf,,,1,200,medium_repo,678.07936668396
graphql,179,,octocat/Hello-World,,Hello-World,octocat,3975,1765153604,0,200,medium_repo,680.2113056182861
graphql,183,,torvalds/linux,,linux,torvalds,3974,1765153604,0,200,medium_repo,989.2747402191162
graphql,216,,numpy/numpy,,numpy,numpy,3973,1765153604,0,200,medium_repo,650.69580078125
graphql,247,,django/django,,django,django,3972,1765153604,0,200,medium_repo,902.8432369232178
graphql,118,,,mojombo,,,3971,1765153604,0,200,simple_user,616.3957118988037
rest,1201,,,defunkt,,,,,1,200,simple_user,580.0137519836426
graphql,47,,torvalds/linux,,linux,torvalds,3970,1765153604,0,200,complex_issues,726.2847423553467
rest,4994,,torvalds/linux,,linux,torvalds,,,1,200,medium_repo,695.9254741668701
rest,5107,,octocat/Hello-World,,Hello-World,octocat,,,1,200,medium_repo,639.6124362945557
rest,1188,,,pjhyett,,,,,1,200,simple_user,1735.809326171875
rest,200997,,django/django,,django,django,,,1,200,complex_issues,994.2936897277832
rest,254426,,numpy/numpy,,numpy,numpy,,,1,200,complex_issues,1235.9349727630615
rest,286239,,psf/requests,,requests,psf,,,1,200,complex_issues,1103.2097339630127
graphql,5242,,octocat/Hello-World,,Hello-World,octocat,3969,1765153604,0,200,complex_issues,759.2124938964844
rest,5870,,numpy/numpy,,numpy,numpy,,,1,200,medium_repo,713.1953239440918
rest,1223,,,torvalds,,,,,1,200,simple_user,620.0132369995117
rest,181589,,torvalds/linux,,linux,torvalds,,,1,200,complex_issues,1288.400411605835
graphql,204,,psf/requests,,requests,psf,3968,1765153604,0,200,medium_repo,704.822301864624
graphql,119,,,octocat,,,3967,1765153604,0,200,simple_user,652.4472236633301
rest,122033,,octocat/Hello-World,,Hello-World,octocat,,,1,200,complex_issues,1130.918264389038
graphql,8920,,numpy/numpy,,numpy,numpy,3966,1765153604,0,200,complex_issues,794.4715023040771
graphql,115,,,defunkt,,,3965,1765153604,0,200,simple_user,627.7487277984619
graphql,47,,django/django,,django,django,3964,1765153604,0,200,complex_issues,650.7515907287598
rest,1282,,,mojombo,,,,,1,200,simple_user,1619.1837787628174
graphql,107,,,pjhyett,,,3963,1765153604,0,200,simple_user,604.6109199523926
rest,6125,,django/django,,django,django,,,1,200,medium_repo,702.0695209503174
graphql,124,,,torvalds,,,3962,1765153604,0,200,simple_user,627.6400089263916
rest,1232,,,octocat,,,,,1,200,simple_user,597.8169441223145
graphql,7595,,psf/requests,,requests,psf,3961,1765153604,0,200,complex_issues,891.937255859375
rest,5998,,psf/requests,,requests,psf,,,1,200,medium_repo,700.8376121520996
graphql,179,,octocat/Hello-World,,Hello-World,octocat,3960,1765153604,0,200,medium_repo,682.5473308563232
graphql,183,,torvalds/linux,,linux,torvalds,3959,1765153604,0,200,medium_repo,678.3852577209473
graphql,216,,numpy/numpy,,numpy,numpy,3958,1765153604,0,200,medium_repo,706.2780857086182
graphql,247,,django/django,,django,django,3957,1765153604,0,200,medium_repo,704.3178081512451
graphql,118,,,mojombo,,,3956,1765153604,0,200,simple_user,684.5035552978516
rest,1201,,,defunkt,,,,,1,200,simple_user,576.5199661254883
graphql,47,,torvalds/linux,,linux,torvalds,3955,1765153604,0,200,complex_issues,701.5151977539062
rest,4994,,torvalds/linux,,linux,torvalds,,,1,200,medium_repo,941.8144226074219
rest,5107,,octocat/Hello-World,,Hello-World,octocat,,,1,200,medium_repo,618.2589530944824
rest,1188,,,pjhyett,,,,,1,200,simple_user,660.2482795715332
rest,200997,,django/django,,django,django,,,1,200,complex_issues,2329.087495803833
rest,254426,,numpy/numpy,,numpy,numpy,,,1,200,complex_issues,1330.1920890808105
rest,286239,,psf/requests,,requests,psf,,,1,200,complex_issues,1432.3961734771729
graphql,5242,,octocat/Hello-World,,Hello-World,octocat,3954,1765153604,0,200,complex_issues,1119.6248531341553
rest,5870,,numpy/numpy,,numpy,numpy,,,1,200,medium_repo,1024.8088836669922
rest,1223,,,torvalds,,,,,1,200,simple_user,578.6440372467041
rest,181589,,torvalds/linux,,linux,torvalds,,,1,200,complex_issues,1328.2346725463867
graphql,204,,psf/requests,,requests,psf,3953,1765153604,0,200,medium_repo,1923.9068031311035
graphql,119,,,octocat,,,3952,1765153604,0,200,simple_user,646.1985111236572
rest,122033,,octocat/Hello-World,,Hello-World,octocat,,,1,200,complex_issues,1158.7944030761719
graphql,8920,,numpy/numpy,,numpy,numpy,3951,1765153604,0,200,complex_issues,1065.3603076934814
graphql,115,,,defunkt,,,3950,1765153604,0,200,simple_user,654.9406051635742
graphql,47,,django/django,,django,django,3949,1765153604,0,200,complex_issues,732.1741580963135
rest,1282,,,mojombo,,,,,1,200,simple_user,570.8222389221191
graphql,107,,,pjhyett,,,3948,1765153604,0,200,simple_user,607.6259613037109
rest,6125,,django/django,,django,django,,,1,200,medium_repo,659.5554351806641
graphql,124,,,torvalds,,,3947,1765153604,0,200,simple_user,613.4860515594482
rest,1232,,,octocat,,,,,1,200,simple_user,652.1623134613037
graphql,7595,,psf/requests,,requests,psf,3946,1765153604,0,200,complex_issues,770.2038288116455
rest,5998,,psf/requests,,requests,psf,,,1,200,medium_repo,689.2211437225342
graphql,179,,octocat/Hello-World,,Hello-World,octocat,3945,1765153604,0,200,medium_repo,655.5957794189453
graphql,183,,torvalds/linux,,linux,torvalds,3944,1765153604,0,200,medium_repo,702.129602432251
graphql,216,,numpy/numpy,,numpy,numpy,3943,1765153604,0,200,medium_repo,659.820556640625
graphql,247,,django/django,,django,django,3942,1765153604,0,200,medium_repo,1758.8367462158203
graphql,118,,,mojombo,,,3941,1765153604,0,200,simple_user,623.1935024261475
rest,1201,,,defunkt,,,,,1,200,simple_user,579.4076919555664
graphql,47,,torvalds/linux,,linux,torvalds,3940,1765153604,0,200,complex_issues,691.1938190460205
rest,4994,,torvalds/linux,,linux,torvalds,,,1,200,medium_repo,739.1929626464844
rest,5107,,octocat/Hello-World,,Hello-World,octocat,,,1,200,medium_repo,707.2198390960693
rest,1188,,,pjhyett,,,,,1,200,simple_user,596.3411331176758
rest,200997,,django/django,,django,django,,,1,200,complex_issues,1298.4416484832764
rest,254426,,numpy/numpy,,numpy,numpy,,,1,200,complex_issues,1338.8798236846924
rest,286239,,psf/requests,,requests,psf,,,1,200,complex_issues,1509.8443031311035
graphql,5242,,octocat/Hello-World,,Hello-World,octocat,3939,1765153604,0,200,complex_issues,722.6865291595459
rest,5870,,numpy/numpy,,numpy,numpy,,,1,200,medium_repo,676.6932010650635
rest,1223,,,torvalds,,,,,1,200,simple_user,611.642599105835
rest,181589,,torvalds/linux,,linux,torvalds,,,1,200,complex_issues,1633.7144374847412
graphql,204,,psf/requests,,requests,psf,3938,1765153604,0,200,medium_repo,1701.8458843231201
graphql,119,,,octocat,,,3937,1765153604,0,200,simple_user,593.6424732208252
rest,122033,,octocat/Hello-World,,Hello-World,octocat,,,1,200,complex_issues,964.7128582000732
graphql,8920,,numpy/numpy,,numpy,numpy,3936,1765153604,0,200,complex_issues,855.586051940918
graphql,115,,,defunkt,,,3935,1765153604,0,200,simple_user,604.4704914093018
graphql,47,,django/django,,django,django,3934,1765153604,0,200,complex_issues,911.4744663238525
rest,1282,,,mojombo,,,,,1,200,simple_user,845.3216552734375
graphql,107,,,pjhyett,,,3933,1765153604,0,200,simple_user,683.98118019104
rest,6125,,django/django,,django,django,,,1,200,medium_repo,1081.479549407959
graphql,124,,,torvalds,,,3932,1765153604,0,200,simple_user,641.8695449829102
rest,1232,,,octocat,,,,,1,200,simple_user,599.7488498687744
graphql,7595,,psf/requests,,requests,psf,3931,1765153604,0,200,complex_issues,821.5904235839844
rest,5998,,psf/requests,,requests,psf,,,1,200,medium_repo,1839.463233947754
graphql,179,,octocat/Hello-World,,Hello-World,octocat,3930,1765153604,0,200,medium_repo,682.6624870300293
graphql,183,,torvalds/linux,,linux,torvalds,3929,1765153604,0,200,medium_repo,631.0980319976807
graphql,216,,numpy/numpy,,numpy,numpy,3928,1765153604,0,200,medium_repo,742.0468330383301
graphql,247,,django/django,,django,django,3927,1765153604,0,200,medium_repo,699.1753578186035
graphql,118,,,mojombo,,,3926,1765153604,0,200,simple_user,638.4875774383545
rest,1201,,,defunkt,,,,,1,200,simple_user,581.6407203674316
graphql,47,,torvalds/linux,,linux,torvalds,3925,1765153604,0,200,complex_issues,712.9635810852051
rest,4994,,torvalds/linux,,linux,torvalds,,,1,200,medium_repo,688.8008117675781
rest,5107,,octocat/Hello-World,,Hello-World,octocat,,,1,200,medium_repo,667.6573753356934
rest,1188,,,pjhyett,,,,,1,200,simple_user,598.4737873077393
rest,200997,,django/django,,django,django,,,1,200,complex_issues,1024.9083042144775
rest,254426,,numpy/numpy,,numpy,numpy,,,1,200,complex_issues,1088.8392925262451
rest,286239,,psf/requests,,requests,psf,,,1,200,complex_issues,1274.0163803100586
graphql,5242,,octocat/Hello-World,,Hello-World,octocat,3924,1765153604,0,200,complex_issues,800.7910251617432
rest,5870,,numpy/numpy,,numpy,numpy,,,1,200,medium_repo,1758.0463886260986
rest,1223,,,torvalds,,,,,1,200,simple_user,570.0562000274658
rest,181589,,torvalds/linux,,linux,torvalds,,,1,200,complex_issues,1368.8108921051025
graphql,204,,psf/requests,,requests,psf,3923,1765153604,0,200,medium_repo,727.8182506561279
graphql,119,,,octocat,,,3922,1765153604,0,200,simple_user,670.1705455780029
rest,122033,,octocat/Hello-World,,Hello-World,octocat,,,1,200,complex_issues,1038.3491516113281
graphql,8920,,numpy/numpy,,numpy,numpy,3921,1765153604,0,200,complex_issues,785.6924533843994
graphql,115,,,defunkt,,,3920,1765153604,0,200,simple_user,674.3025779724121
graphql,47,,django/django,,django,django,3919,1765153604,0,200,complex_issues,1137.7267837524414
rest,1282,,,mojombo,,,,,1,200,simple_user,649.7139930725098
graphql,107,,,pjhyett,,,3918,1765153604,0,200,simple_user,601.1347770690918
rest,6125,,django/django,,django,django,,,1,200,medium_repo,680.4938316345215
graphql,124,,,torvalds,,,3917,1765153604,0,200,simple_user,612.0970249176025
rest,1232,,,octocat,,,,,1,200,simple_user,659.1899394989014
graphql,7595,,psf/requests,,requests,psf,3916,1765153604,0,200,complex_issues,839.8256301879883
rest,5998,,psf/requests,,requests,psf,,,1,200,medium_repo,1690.7052993774414
graphql,179,,octocat/Hello-World,,Hello-World,octocat,3915,1765153604,0,200,medium_repo,754.873514175415
graphql,183,,torvalds/linux,,linux,torvalds,3914,1765153604,0,200,medium_repo,700.7646560668945
graphql,216,,numpy/numpy,,numpy,numpy,3913,1765153604,0,200,medium_repo,722.7246761322021
graphql,247,,django/django,,django,django,3912,1765153604,0,200,medium_repo,866.3308620452881
graphql,118,,,mojombo,,,3911,1765153604,0,200,simple_user,604.1765213012695
rest,1201,,,defunkt,,,,,1,200,simple_user,608.0007553100586
graphql,47,,torvalds/linux,,linux,torvalds,3910,1765153604,0,200,complex_issues,677.440881729126
rest,4994,,torvalds/linux,,linux,torvalds,,,1,200,medium_repo,896.8093395233154
rest,5107,,octocat/Hello-World,,Hello-World,octocat,,,1,200,medium_repo,678.3604621887207
rest,1188,,,pjhyett,,,,,1,200,simple_user,600.1615524291992
rest,200997,,django/django,,django,django,,,1,200,complex_issues,1128.8878917694092
rest,254426,,numpy/numpy,,numpy,numpy,,,1,200,complex_issues,1313.1473064422607
rest,286239,,psf/requests,,requests,psf,,,1,200,complex_issues,1334.2106342315674
graphql,5242,,octocat/Hello-World,,Hello-World,octocat,3909,1765153604,0,200,complex_issues,878.756046295166
rest,5870,,numpy/numpy,,numpy,numpy,,,1,200,medium_repo,1772.2728252410889
rest,1223,,,torvalds,,,,,1,200,simple_user,599.2119312286377
rest,181589,,torvalds/linux,,linux,torvalds,,,1,200,complex_issues,1369.0311908721924
graphql,204,,psf/requests,,requests,psf,3908,1765153604,0,200,medium_repo,738.3747100830078
graphql,119,,,octocat,,,3907,1765153604,0,200,simple_user,744.2834377288818
rest,122033,,octocat/Hello-World,,Hello-World,octocat,,,1,200,complex_issues,1059.8063468933105
graphql,8920,,numpy/numpy,,numpy,numpy,3906,1765153604,0,200,complex_issues,865.2312755584717
graphql,115,,,defunkt,,,3905,1765153604,0,200,simple_user,612.138032913208
graphql,47,,django/django,,django,django,3904,1765153604,0,200,complex_issues,690.2642250061035
rest,1282,,,mojombo,,,,,1,200,simple_user,635.643720626831
graphql,107,,,pjhyett,,,3903,1765153604,0,200,simple_user,622.4813461303711
rest,6125,,django/django,,django,django,,,1,200,medium_repo,717.8215980529785
graphql,124,,,torvalds,,,3902,1765153604,0,200,simple_user,688.4028911590576
rest,1232,,,octocat,,,,,1,200,simple_user,575.1714706420898
graphql,7595,,psf/requests,,requests,psf,3901,1765153604,0,200,complex_issues,764.535665512085
rest,5998,,psf/requests,,requests,psf,,,1,200,medium_repo,1733.1714630126953
graphql,179,,octocat/Hello-World,,Hello-World,octocat,3900,1765153604,0,200,medium_repo,689.3901824951172
graphql,183,,torvalds/linux,,linux,torvalds,3899,1765153604,0,200,medium_repo,765.7458782196045
graphql,216,,numpy/numpy,,numpy,numpy,3898,1765153604,0,200,medium_repo,692.7454471588135
graphql,247,,django/django,,django,django,3897,1765153604,0,200,medium_repo,679.689884185791
graphql,118,,,mojombo,,,3896,1765153604,0,200,simple_user,637.2535228729248
rest,1201,,,defunkt,,,,,1,200,simple_user,645.7393169403076
graphql,47,,torvalds/linux,,linux,torvalds,3895,1765153604,0,200,complex_issues,679.6510219573975
rest,4994,,torvalds/linux,,linux,torvalds,,,1,200,medium_repo,687.5314712524414
rest,5107,,octocat/Hello-World,,Hello-World,octocat,,,1,200,medium_repo,636.6686820983887
rest,1188,,,pjhyett,,,,,1,200,simple_user,627.3849010467529
rest,200997,,django/django,,django,django,,,1,200,complex_issues,917.3328876495361
rest,254426,,numpy/numpy,,numpy,numpy,,,1,200,complex_issues,1367.3646450042725
rest,286239,,psf/requests,,requests,psf,,,1,200,complex_issues,1055.7992458343506
graphql,5242,,octocat/Hello-World,,Hello-World,octocat,3894,1765153604,0,200,complex_issues,796.2017059326172
rest,5870,,numpy/numpy,,numpy,numpy,,,1,200,medium_repo,646.4071273803711
rest,1223,,,torvalds,,,,,1,200,simple_user,1655.489444732666
rest,181589,,torvalds/linux,,linux,torvalds,,,1,200,complex_issues,1473.4082221984863
graphql,204,,psf/requests,,requests,psf,3893,1765153604,0,200,medium_repo,702.7289867401123
graphql,119,,,octocat,,,3892,1765153604,0,200,simple_user,615.3054237365723
rest,122033,,octocat/Hello-World,,Hello-World,octocat,,,1,200,complex_issues,1283.2696437835693
graphql,8920,,numpy/numpy,,numpy,numpy,3891,1765153604,0,200,complex_issues,807.4376583099365
graphql,115,,,defunkt,,,3890,1765153604,0,200,simple_user,625.10085105896
graphql,47,,django/django,,django,django,3889,1765153604,0,200,complex_issues,784.8296165466309
rest,1282,,,mojombo,,,,,1,200,simple_user,630.5792331695557
graphql,107,,,pjhyett,,,3888,1765153604,0,200,simple_user,602.1592617034912
rest,6125,,django/django,,django,django,,,1,200,medium_repo,643.7673568725586
graphql,124,,,torvalds,,,3887,1765153604,0,200,simple_user,1729.5653820037842
rest,1232,,,octocat,,,,,1,200,simple_user,577.5794982910156
graphql,7595,,psf/requests,,requests,psf,3886,1765153604,0,200,complex_issues,841.7541980743408
rest,5998,,psf/requests,,requests,psf,,,1,200,medium_repo,719.2428112030029
graphql,179,,octocat/Hello-World,,Hello-World,octocat,3885,1765153604,0,200,medium_repo,964.4203186035156
graphql,183,,torvalds/linux,,linux,torvalds,3884,1765153604,0,200,medium_repo,707.1633338928223
graphql,216,,numpy/numpy,,numpy,numpy,3883,1765153604,0,200,medium_repo,694.4684982299805
graphql,247,,django/django,,django,django,3882,1765153604,0,200,medium_repo,673.6347675323486
graphql,118,,,mojombo,,,3881,1765153604,0,200,simple_user,590.6364917755127
rest,1201,,,defunkt,,,,,1,200,simple_user,564.1624927520752
graphql,47,,torvalds/linux,,linux,torvalds,3880,1765153604,0,200,complex_issues,650.0425338745117
rest,4994,,torvalds/linux,,linux,torvalds,,,1,200,medium_repo,769.4206237792969
rest,5107,,octocat/Hello-World,,Hello-World,octocat,,,1,200,medium_repo,670.6933975219727
rest,1188,,,pjhyett,,,,,1,200,simple_user,575.3750801086426
rest,200997,,django/django,,django,django,,,1,200,complex_issues,1347.6169109344482
rest,254426,,numpy/numpy,,numpy,numpy,,,1,200,complex_issues,1407.541036605835
rest,286239,,psf/requests,,requests,psf,,,1,200,complex_issues,2371.7920780181885
graphql,5242,,octocat/Hello-World,,Hello-World,octocat,3879,1765153604,0,200,complex_issues,721.872091293335
rest,5870,,numpy/numpy,,numpy,numpy,,,1,200,medium_repo,681.3690662384033
rest,1223,,,torvalds,,,,,1,200,simple_user,571.5069770812988
rest,181589,,torvalds/linux,,linux,torvalds,,,1,200,complex_issues,1453.6371231079102
graphql,204,,psf/requests,,requests,psf,3878,1765153604,0,200,medium_repo,723.8490581512451
graphql,119,,,octocat,,,3877,1765153604,0,200,simple_user,673.3725070953369
rest,122033,,octocat/Hello-World,,Hello-World,octocat,,,1,200,complex_issues,928.964376449585
graphql,8920,,numpy/numpy,,numpy,numpy,3876,1765153604,0,200,complex_issues,770.740270614624
graphql,115,,,defunkt,,,3875,1765153604,0,200,simple_user,599.6103286743164
graphql,47,,django/django,,django,django,3874,1765153604,0,200,complex_issues,733.283281326294
rest,1282,,,mojombo,,,,,1,200,simple_user,608.6010932922363
graphql,107,,,pjhyett,,,3873,1765153604,0,200,simple_user,693.7432289123535
rest,6125,,django/django,,django,django,,,1,200,medium_repo,718.9311981201172
graphql,124,,,torvalds,,,3872,1765153604,0,200,simple_user,700.4404067993164
rest,1232,,,octocat,,,,,1,200,simple_user,577.08740234375
graphql,7595,,psf/requests,,requests,psf,3871,1765153604,0,200,complex_issues,786.3810062408447
rest,5998,,psf/requests,,requests,psf,,,1,200,medium_repo,1751.2779235839844
graphql,179,,octocat/Hello-World,,Hello-World,octocat,3870,1765153604,0,200,medium_repo,697.035551071167
graphql,183,,torvalds/linux,,linux,torvalds,3869,1765153604,0,200,medium_repo,641.6959762573242
graphql,216,,numpy/numpy,,numpy,numpy,3868,1765153604,0,200,medium_repo,700.507640838623
graphql,247,,django/django,,django,django,3867,1765153604,0,200,medium_repo,1282.9010486602783
graphql,118,,,mojombo,,,3866,1765153604,0,200,simple_user,639.0931606292725
rest,1201,,,defunkt,,,,,1,200,simple_user,560.5626106262207
graphql,47,,torvalds/linux,,linux,torvalds,3865,1765153604,0,200,complex_issues,662.6536846160889
rest,4994,,torvalds/linux,,linux,torvalds,,,1,200,medium_repo,717.674732208252
rest,5107,,octocat/Hello-World,,Hello-World,octocat,,,1,200,medium_repo,646.8267440795898
rest,1188,,,pjhyett,,,,,1,200,simple_user,695.3246593475342
rest,200997,,django/django,,django,django,,,1,200,complex_issues,2301.2137413024902
rest,254426,,numpy/numpy,,numpy,numpy,,,1,200,complex_issues,1329.8447132110596
rest,286239,,psf/requests,,requests,psf,,,1,200,complex_issues,1278.993844985962
graphql,5242,,octocat/Hello-World,,Hello-World,octocat,3864,1765153604,0,200,complex_issues,749.1717338562012
rest,5870,,numpy/numpy,,numpy,numpy,,,1,200,medium_repo,744.7996139526367
rest,1223,,,torvalds,,,,,1,200,simple_user,750.5640983581543
rest,181589,,torvalds/linux,,linux,torvalds,,,1,200,complex_issues,1144.1736221313477
graphql,204,,psf/requests,,requests,psf,3863,1765153604,0,200,medium_repo,696.6817378997803
graphql,119,,,octocat,,,3862,1765153604,0,200,simple_user,608.1390380859375
rest,122033,,octocat/Hello-World,,Hello-World,octocat,,,1,200,complex_issues,1056.633710861206
graphql,8920,,numpy/numpy,,numpy,numpy,3861,1765153604,0,200,complex_issues,814.3374919891357
graphql,115,,,defunkt,,,3860,1765153604,0,200,simple_user,619.2934513092041
graphql,47,,django/django,,django,django,3859,1765153604,0,200,complex_issues,647.2220420837402
rest,1282,,,mojombo,,,,,1,200,simple_user,593.1839942932129
graphql,107,,,pjhyett,,,3858,1765153604,0,200,simple_user,1662.379503250122
rest,6125,,django/django,,django,django,,,1,200,medium_repo,726.3221740722656
graphql,124,,,torvalds,,,3857,1765153604,0,200,simple_user,645.0634002685547
rest,1232,,,octocat,,,,,1,200,simple_user,568.3267116546631
graphql,7595,,psf/requests,,requests,psf,3856,1765153604,0,200,complex_issues,730.5703163146973
